,Indicator,Type,Category,velocity_25,velocity_25_global,velocity_25_type_local,velocity_25_cat_local
0,10_EMA_100,Raw,trend_ratio,0.0025471673206868923,slow,slow,fast
1,10_EMA_200,Raw,trend_ratio,0.002733065691295349,slow,slow,fast
2,10_EMA_25,Raw,trend_ratio,0.0015324733353185916,slow,slow,moderate
3,10_EMA_50,Raw,trend_ratio,0.0021835838368453623,slow,slow,moderate
4,10_ESMA_100,Raw,trend_ratio,0.002815536473626839,slow,slow,fast
5,10_ESMA_200,Raw,trend_ratio,0.0028616219450731937,slow,slow,fast
6,10_ESMA_25,Raw,trend_ratio,0.0023378859501820394,slow,slow,fast
7,10_ESMA_50,Raw,trend_ratio,0.0026719183414371014,slow,slow,fast
8,10_SMA_100,Raw,trend_ratio,0.002807984149786927,slow,slow,fast
9,10_SMA_200,Raw,trend_ratio,0.0028309541246613512,slow,slow,fast
10,10_SMA_25,Raw,trend_ratio,0.002300178119686992,slow,slow,fast
11,10_SMA_50,Raw,trend_ratio,0.0026506409951692145,slow,slow,fast
12,100_EMA_200,Raw,trend_ratio,0.00036270018301336215,slow,,
13,100_ESMA_200,Raw,trend_ratio,0.0006150559770732244,slow,slow,slow
14,100_SMA_200,Raw,trend_ratio,0.0005961284585690064,slow,slow,slow
15,25_EMA_100,Raw,trend_ratio,0.0012547292160564243,slow,slow,moderate
16,25_EMA_200,Raw,trend_ratio,0.0015203319323977022,slow,slow,moderate
17,25_EMA_50,Raw,trend_ratio,0.0007742489762809815,slow,slow,slow
18,25_ESMA_100,Raw,trend_ratio,0.0016169105671616304,slow,slow,moderate
19,25_ESMA_200,Raw,trend_ratio,0.0017115275129154543,slow,slow,moderate
20,25_ESMA_50,Raw,trend_ratio,0.0013663942108815082,slow,slow,moderate
21,25_SMA_100,Raw,trend_ratio,0.0016158972489271808,slow,slow,moderate
22,25_SMA_200,Raw,trend_ratio,0.0017019884540520364,slow,slow,moderate
23,25_SMA_50,Raw,trend_ratio,0.0013568602053018193,slow,slow,moderate
24,50_EMA_100,Raw,trend_ratio,0.0005290903023168085,slow,slow,slow
25,50_EMA_200,Raw,trend_ratio,0.0008626724363496043,slow,slow,slow
26,50_ESMA_100,Raw,trend_ratio,0.0009449383163175586,slow,slow,slow
27,50_ESMA_200,Raw,trend_ratio,0.0010853884726576477,slow,slow,slow
28,50_SMA_100,Raw,trend_ratio,0.0009258498829123166,slow,slow,slow
29,50_SMA_200,Raw,trend_ratio,0.0010713786752060421,slow,slow,slow
30,ADL,Raw,volume,0.4338802461077505,moderate,fast,slow
31,ADL_EA10,Exponential MA,volume,3.2193974803302043,moderate,moderate,slow
32,ADL_EA25,Exponential MA,volume,5.770681714098781,fast,fast,moderate
33,ADL_EA5,Exponential MA,volume,2.0331886934402648,moderate,moderate,slow
34,ADL_EA50,Exponential MA,volume,15.442034683645534,fast,fast,fast
35,ADL_MA10,Simple MA,volume,3.875493814712448,fast,moderate,moderate
36,ADL_MA25,Simple MA,volume,5.7398555537989315,fast,moderate,moderate
37,ADL_MA5,Simple MA,volume,2.328468139180566,moderate,moderate,slow
38,ADL_MA50,Simple MA,volume,381.1882728671121,fast,fast,fast
39,ADX,Raw,trend,0.05412066193863539,slow,moderate,moderate
40,ADX_EA10,Exponential MA,trend,0.05099778501757525,slow,slow,moderate
41,ADX_EA25,Exponential MA,trend,0.06652687935244672,slow,slow,moderate
42,ADX_EA5,Exponential MA,trend,0.03583383296629329,slow,slow,moderate
43,ADX_EA50,Exponential MA,trend,0.07083631499117697,slow,slow,moderate
44,ADX_MA10,Simple MA,trend,0.05992494791061448,slow,slow,moderate
45,ADX_MA25,Simple MA,trend,0.07638395202838429,slow,slow,fast
46,ADX_MA5,Simple MA,trend,0.044401245948514856,slow,slow,moderate
47,ADX_MA50,Simple MA,trend,0.07367211764843369,slow,slow,moderate
48,ATR_14,Raw,volatility,4.646308080907957,fast,fast,moderate
49,ATR_14_EA10,Exponential MA,volatility,3.516106257643043,moderate,moderate,moderate
50,ATR_14_EA25,Exponential MA,volatility,3.1149855606459402,moderate,moderate,moderate
51,ATR_14_EA5,Exponential MA,volatility,12.861532985428992,fast,fast,fast
52,ATR_14_EA50,Exponential MA,volatility,3.020721274708911,moderate,moderate,moderate
53,ATR_14_MA10,Simple MA,volatility,3.584784622786579,fast,moderate,moderate
54,ATR_14_MA25,Simple MA,volatility,2.981328482542014,moderate,moderate,moderate
55,ATR_14_MA5,Simple MA,volatility,68.00416306336417,fast,fast,fast
56,ATR_14_MA50,Simple MA,volatility,6.192111652508125,fast,moderate,fast
57,ATR_21,Raw,volatility,3.9214849785529635,fast,fast,moderate
58,ATR_21_EA10,Exponential MA,volatility,12.968153356978908,fast,fast,fast
59,ATR_21_EA25,Exponential MA,volatility,16.35692992338393,fast,fast,fast
60,ATR_21_EA5,Exponential MA,volatility,2.011294330127428,moderate,moderate,moderate
61,ATR_21_EA50,Exponential MA,volatility,174.75131679407042,fast,fast,fast
62,ATR_21_MA10,Simple MA,volatility,4.343793355306515,fast,moderate,moderate
63,ATR_21_MA25,Simple MA,volatility,8.879929477051457,fast,fast,fast
64,ATR_21_MA5,Simple MA,volatility,4.047474864993871,fast,moderate,moderate
65,ATR_21_MA50,Simple MA,volatility,57.068817971534145,fast,fast,fast
66,ATR_7,Raw,volatility,9.345968444599476,fast,fast,fast
67,ATR_7_EA10,Exponential MA,volatility,2.8389733494954834,moderate,moderate,moderate
68,ATR_7_EA25,Exponential MA,volatility,4.085530771775191,fast,moderate,moderate
69,ATR_7_EA5,Exponential MA,volatility,2.820176605532168,moderate,moderate,moderate
70,ATR_7_EA50,Exponential MA,volatility,12.65800737474135,fast,fast,fast
71,ATR_7_MA10,Simple MA,volatility,2.821032623184062,moderate,moderate,moderate
72,ATR_7_MA25,Simple MA,volatility,3.467695111647042,moderate,moderate,moderate
73,ATR_7_MA5,Simple MA,volatility,2.84148518213775,moderate,moderate,moderate
74,ATR_7_MA50,Simple MA,volatility,2.5091680106999057,moderate,moderate,moderate
75,BB_Lower,Raw,volatility,0.009852749849270145,slow,moderate,slow
76,BB_Lower_EA10,Exponential MA,volatility,0.008509902084039017,slow,slow,slow
77,BB_Lower_EA25,Exponential MA,volatility,0.009367357944312175,slow,slow,slow
78,BB_Lower_EA5,Exponential MA,volatility,0.007226414819820588,slow,,
79,BB_Lower_EA50,Exponential MA,volatility,0.009647869995002402,slow,slow,slow
80,BB_Lower_MA10,Simple MA,volatility,0.009431009436043192,slow,slow,slow
81,BB_Lower_MA25,Simple MA,volatility,0.009836096944854256,slow,slow,slow
82,BB_Lower_MA5,Simple MA,volatility,0.00883643454329395,slow,,slow
83,BB_Lower_MA50,Simple MA,volatility,0.009827982908292524,slow,slow,slow
84,BB_Mid,Raw,volatility,3.5280566599710457,moderate,fast,moderate
85,BB_Mid_EA10,Exponential MA,volatility,8.45845575529452,fast,fast,fast
86,BB_Mid_EA25,Exponential MA,volatility,24.37891874772735,fast,fast,fast
87,BB_Mid_EA5,Exponential MA,volatility,2.6219420673433746,moderate,moderate,moderate
88,BB_Mid_EA50,Exponential MA,volatility,10.645289399445304,fast,fast,fast
89,BB_Mid_MA10,Simple MA,volatility,16.646920197656126,fast,fast,fast
90,BB_Mid_MA25,Simple MA,volatility,8.285067201779796,fast,fast,fast
91,BB_Mid_MA5,Simple MA,volatility,3.212352005472458,moderate,moderate,moderate
92,BB_Mid_MA50,Simple MA,volatility,17.081699975214697,fast,fast,fast
93,BB_Upper,Raw,volatility,0.010097093832832528,slow,moderate,slow
94,BB_Upper_EA10,Exponential MA,volatility,0.008517350108526346,slow,slow,slow
95,BB_Upper_EA25,Exponential MA,volatility,0.009300329665884193,slow,slow,slow
96,BB_Upper_EA5,Exponential MA,volatility,0.007240235370020787,slow,slow,slow
97,BB_Upper_EA50,Exponential MA,volatility,0.009512103243217013,slow,slow,slow
98,BB_Upper_MA10,Simple MA,volatility,0.009464043677594394,slow,slow,slow
99,BB_Upper_MA25,Simple MA,volatility,0.009685068069404492,slow,slow,slow
100,BB_Upper_MA5,Simple MA,volatility,0.008902446040113629,slow,slow,slow
101,BB_Upper_MA50,Simple MA,volatility,0.009675059410370923,slow,slow,slow
102,CCI_14,Raw,momentum,1.5092078563530271,moderate,fast,moderate
103,CCI_14_EA10,Exponential MA,momentum,3.363090642842459,moderate,moderate,fast
104,CCI_14_EA25,Exponential MA,momentum,4.568958086331945,fast,fast,fast
105,CCI_14_EA5,Exponential MA,momentum,2.4627254772900167,moderate,moderate,moderate
106,CCI_14_EA50,Exponential MA,momentum,5.542636276440264,fast,fast,fast
107,CCI_14_MA10,Simple MA,momentum,4.042577540905256,fast,moderate,fast
108,CCI_14_MA25,Simple MA,momentum,6.103652338982984,fast,moderate,fast
109,CCI_14_MA5,Simple MA,momentum,2.9551466728360847,moderate,moderate,fast
110,CCI_14_MA50,Simple MA,momentum,10.581032965562231,fast,fast,fast
112,Close_slope10,Slope_10,trend,1.6107549689115057,moderate,slow,fast
113,Close_slope25,Slope_25,trend,0.39169349365119244,moderate,,fast
114,Close_slope50,Slope_50,trend,0.14709037011544604,slow,,fast
115,CMF_10,Raw,volume,0.741385513942674,moderate,fast,slow
116,CMF_20,Raw,volume,0.3960761486782016,moderate,fast,
117,CMF_20_EA10,Exponential MA,volume,1.886923949777394,moderate,moderate,slow
118,CMF_20_EA25,Exponential MA,volume,3.6636016759959467,fast,moderate,slow
119,CMF_20_EA5,Exponential MA,volume,1.1657089473631426,moderate,slow,slow
120,CMF_20_EA50,Exponential MA,volume,5.951174547013995,fast,fast,moderate
121,CMF_20_MA10,Simple MA,volume,2.197343268175067,moderate,moderate,slow
122,CMF_20_MA25,Simple MA,volume,6.100577504761791,fast,moderate,moderate
123,CMF_20_MA5,Simple MA,volume,1.4011392356915593,moderate,slow,slow
124,CMF_20_MA50,Simple MA,volume,8.955350630726322,fast,fast,moderate
128,DownVolume,Raw,volatility,1.1752957555653933,moderate,fast,slow
130,Intraday Change,Raw,volatility,372.8421285484397,fast,fast,fast
131,Intraday Volatility,Raw,volatility,0.06170421044122837,slow,moderate,slow
132,Liquidity Score,Raw,other,0.2550220309224163,moderate,moderate,
134,MACD,Raw,momentum,0.35206399922252196,moderate,fast,slow
135,MACD_EA10,Exponential MA,momentum,1.2054185343323156,moderate,slow,moderate
136,MACD_EA25,Exponential MA,momentum,1.941342356961462,moderate,moderate,moderate
137,MACD_EA5,Exponential MA,momentum,0.6748344472897948,moderate,slow,slow
138,MACD_EA50,Exponential MA,momentum,2.485582705871367,moderate,moderate,moderate
139,MACD_MA10,Simple MA,momentum,1.5367319817218146,moderate,moderate,moderate
140,MACD_MA25,Simple MA,momentum,2.7244936954650365,moderate,moderate,moderate
141,MACD_MA5,Simple MA,momentum,0.7593952506913727,moderate,slow,moderate
142,MACD_MA50,Simple MA,momentum,3.7000957536488848,fast,moderate,fast
143,Max_10_Rows_Since,Raw,duration,0.34146412726201547,moderate,fast,fast
144,Max_120_Rows_Since,Raw,duration,0.05390669021883925,slow,moderate,moderate
145,Max_30_Rows_Since,Raw,duration,0.1508820517860716,slow,moderate,fast
146,Max_60_Rows_Since,Raw,duration,0.09088818118127068,slow,moderate,moderate
149,Min_10_Rows_Since,Raw,duration,0.23896987321491853,slow,moderate,fast
150,Min_120_Rows_Since,Raw,duration,0.0222438987166634,slow,moderate,slow
151,Min_30_Rows_Since,Raw,duration,0.08610383354423601,slow,moderate,moderate
152,Min_60_Rows_Since,Raw,duration,0.04488701337526957,slow,moderate,slow
153,minus_DI,Raw,trend,0.08585337034337287,slow,moderate,fast
154,minus_DI_EA10,Exponential MA,trend,0.07230014963113489,slow,slow,moderate
155,minus_DI_EA25,Exponential MA,trend,0.08018078398126151,slow,slow,fast
156,minus_DI_EA5,Exponential MA,trend,0.06048073223330456,slow,slow,moderate
157,minus_DI_EA50,Exponential MA,trend,0.08286756998989833,slow,slow,fast
158,minus_DI_MA10,Simple MA,trend,0.08065247047689895,slow,slow,fast
159,minus_DI_MA25,Simple MA,trend,0.0827838178224692,slow,slow,fast
160,minus_DI_MA5,Simple MA,trend,0.07464132232444008,slow,slow,moderate
161,minus_DI_MA50,Simple MA,trend,0.08430723907233743,slow,slow,fast
162,num_days_100,Raw,duration,0.049275233007934176,slow,moderate,slow
163,num_days_200,Raw,duration,0.012992615766933504,slow,moderate,
164,num_days_50,Raw,duration,0.10307094444828309,slow,moderate,fast
165,OBV,Raw,volume,1.609607089665383,moderate,fast,slow
166,OBV_EA10,Exponential MA,volume,5.240795401163766,fast,fast,moderate
167,OBV_EA25,Exponential MA,volume,9.58928773899198,fast,fast,moderate
168,OBV_EA5,Exponential MA,volume,2.841924773964079,moderate,moderate,slow
169,OBV_EA50,Exponential MA,volume,14.684859298351103,fast,fast,fast
170,OBV_MA10,Simple MA,volume,7.703051199954875,fast,fast,moderate
171,OBV_MA25,Simple MA,volume,10.372937989414677,fast,fast,fast
172,OBV_MA5,Simple MA,volume,3.422798802232203,moderate,moderate,slow
173,OBV_MA50,Simple MA,volume,54.58056831085424,fast,fast,fast
174,OBV_ROC10,Rate,momentum,9.344017902391238,fast,fast,fast
175,OBV_ROC10_EA10,Exponential MA,momentum,2.5078687355589064,moderate,moderate,moderate
176,OBV_ROC10_EA25,Exponential MA,momentum,4.758107128997947,fast,fast,fast
177,OBV_ROC10_EA5,Exponential MA,momentum,1.5145125077181696,moderate,moderate,moderate
178,OBV_ROC10_EA50,Exponential MA,momentum,7.155451814391239,fast,fast,fast
179,OBV_ROC10_MA10,Simple MA,momentum,3.5724707407924314,fast,moderate,fast
180,OBV_ROC10_MA25,Simple MA,momentum,8.444903853832178,fast,fast,fast
181,OBV_ROC10_MA5,Simple MA,momentum,1.921887747816566,moderate,moderate,moderate
182,OBV_ROC10_MA50,Simple MA,momentum,24.103172658045082,fast,fast,fast
183,OBV_ROC5,Rate,momentum,10.125398127330952,fast,fast,fast
184,OBV_ROC5_EA10,Exponential MA,momentum,3.2338805297181827,moderate,moderate,fast
185,OBV_ROC5_EA25,Exponential MA,momentum,4.515564686078781,fast,moderate,fast
186,OBV_ROC5_EA5,Exponential MA,momentum,2.1553672999355205,moderate,moderate,moderate
187,OBV_ROC5_EA50,Exponential MA,momentum,5.734844609367957,fast,fast,fast
188,OBV_ROC5_MA10,Simple MA,momentum,5.9702824408832145,fast,moderate,fast
189,OBV_ROC5_MA25,Simple MA,momentum,5.287430482082008,fast,moderate,fast
190,OBV_ROC5_MA5,Simple MA,momentum,3.458593963864965,moderate,moderate,fast
191,OBV_ROC5_MA50,Simple MA,momentum,12.693640459338383,fast,fast,fast
192,OBV_Z10,Z-Score,volume,4.379074101947773,fast,,moderate
193,OBV_Z10_EA10,Exponential MA,volume,8.533360292709514,fast,fast,moderate
194,OBV_Z10_EA25,Exponential MA,volume,12.208135170142913,fast,fast,fast
195,OBV_Z10_EA5,Exponential MA,volume,6.134777795907019,fast,fast,moderate
196,OBV_Z10_EA50,Exponential MA,volume,17.644494932192337,fast,fast,fast
197,OBV_Z10_MA10,Simple MA,volume,11.774117281419837,fast,fast,fast
198,OBV_Z10_MA25,Simple MA,volume,17.559939416671728,fast,fast,fast
199,OBV_Z10_MA5,Simple MA,volume,11.04476178659117,fast,fast,fast
200,OBV_Z10_MA50,Simple MA,volume,179.92645926050125,fast,fast,fast
201,OBV_Z5,Z-Score,volume,6.902500956287641,fast,fast,moderate
202,OBV_Z5_EA10,Exponential MA,volume,6.132870181845872,fast,fast,moderate
203,OBV_Z5_EA25,Exponential MA,volume,16.994816271693537,fast,fast,fast
204,OBV_Z5_EA5,Exponential MA,volume,3.4621894900923995,moderate,moderate,slow
205,OBV_Z5_EA50,Exponential MA,volume,23.890830049291313,fast,fast,fast
206,OBV_Z5_MA10,Simple MA,volume,27.700522667206673,fast,fast,fast
207,OBV_Z5_MA25,Simple MA,volume,28.968107814986396,fast,fast,fast
208,OBV_Z5_MA5,Simple MA,volume,5.957210932718847,fast,moderate,moderate
209,OBV_Z5_MA50,Simple MA,volume,29.54364635390805,fast,fast,fast
210,plus_DI,Raw,trend,0.07906947198122719,slow,moderate,fast
211,plus_DI_EA10,Exponential MA,trend,0.0729585801459148,slow,slow,moderate
212,plus_DI_EA25,Exponential MA,trend,0.08436885084903996,slow,slow,fast
213,plus_DI_EA5,Exponential MA,trend,0.05995553716996596,slow,slow,moderate
214,plus_DI_EA50,Exponential MA,trend,0.08907106908575402,slow,slow,fast
215,plus_DI_MA10,Simple MA,trend,0.08099247750110469,slow,slow,fast
216,plus_DI_MA25,Simple MA,trend,0.08960114583752127,slow,slow,fast
217,plus_DI_MA5,Simple MA,trend,0.07443050112333342,slow,slow,moderate
218,plus_DI_MA50,Simple MA,trend,0.09182804602055297,slow,slow,fast
219,Price_Vol_Ratio_10,Raw,volatility,2.61011375979853,moderate,fast,moderate
220,Price_Vol_Ratio_10_EA10,Exponential MA,volatility,2.5803028848964282,moderate,moderate,moderate
221,Price_Vol_Ratio_10_EA25,Exponential MA,volatility,5.4350406120963495,fast,fast,fast
222,Price_Vol_Ratio_10_EA5,Exponential MA,volatility,1.5695777323954863,moderate,moderate,slow
223,Price_Vol_Ratio_10_EA50,Exponential MA,volatility,9.419425192473298,fast,fast,fast
224,Price_Vol_Ratio_10_MA10,Simple MA,volatility,3.4650844223419024,moderate,moderate,moderate
225,Price_Vol_Ratio_10_MA25,Simple MA,volatility,9.548059903843352,fast,fast,fast
226,Price_Vol_Ratio_10_MA5,Simple MA,volatility,2.1576247255570324,moderate,moderate,moderate
227,Price_Vol_Ratio_10_MA50,Simple MA,volatility,16.804235023721276,fast,fast,fast
228,Price_Vol_Ratio_25,Raw,volatility,1.3679750258241827,moderate,fast,slow
229,Price_Vol_Ratio_25_EA10,Exponential MA,volatility,1.623239289214634,moderate,moderate,slow
230,Price_Vol_Ratio_25_EA25,Exponential MA,volatility,2.9290502908348994,moderate,moderate,moderate
231,Price_Vol_Ratio_25_EA5,Exponential MA,volatility,0.9287847746877643,moderate,slow,slow
232,Price_Vol_Ratio_25_EA50,Exponential MA,volatility,4.526576897088749,fast,fast,moderate
233,Price_Vol_Ratio_25_MA10,Simple MA,volatility,1.8199153737823175,moderate,moderate,moderate
234,Price_Vol_Ratio_25_MA25,Simple MA,volatility,3.640551663103004,fast,moderate,moderate
235,Price_Vol_Ratio_25_MA5,Simple MA,volatility,0.9978539688256005,moderate,slow,slow
236,Price_Vol_Ratio_25_MA50,Simple MA,volatility,9.39205028072703,fast,fast,fast
237,Price_Vol_Ratio_5,Raw,volatility,5.652726130386152,fast,fast,fast
238,Price_Vol_Ratio_5_EA10,Exponential MA,volatility,5.426542163876305,fast,fast,fast
239,Price_Vol_Ratio_5_EA25,Exponential MA,volatility,8.23497043918845,fast,fast,fast
240,Price_Vol_Ratio_5_EA5,Exponential MA,volatility,4.269105320940091,fast,moderate,moderate
241,Price_Vol_Ratio_5_EA50,Exponential MA,volatility,14.646777753225052,fast,fast,fast
242,Price_Vol_Ratio_5_MA10,Simple MA,volatility,5.62633343342578,fast,moderate,fast
243,Price_Vol_Ratio_5_MA25,Simple MA,volatility,11.036807212347108,fast,fast,fast
244,Price_Vol_Ratio_5_MA5,Simple MA,volatility,7.956014867723785,fast,fast,fast
245,Price_Vol_Ratio_5_MA50,Simple MA,volatility,63.45776228240444,fast,fast,fast
246,QQQ_EMA_10,Raw,trend,0.008392974047586352,slow,slow,slow
247,QQQ_EMA_10_r5,Rounded,trend_round,0.0062160005036773,slow,,
248,QQQ_EMA_100,Raw,trend,0.009322668367676045,slow,moderate,slow
249,QQQ_EMA_100_r5,Rounded,trend_round,0.009119660192649554,slow,moderate,moderate
250,QQQ_EMA_200,Raw,trend,0.009311881548048422,slow,moderate,slow
251,QQQ_EMA_200_r5,Rounded,trend_round,0.009185344469010532,slow,fast,fast
252,QQQ_EMA_25,Raw,trend,0.009066680302693506,slow,moderate,slow
253,QQQ_EMA_25_r5,Rounded,trend_round,0.00919497596656456,slow,fast,fast
254,QQQ_EMA_50,Raw,trend,0.009264919977209317,slow,moderate,slow
255,QQQ_EMA_50_r5,Rounded,trend_round,0.008810409002828071,slow,moderate,moderate
256,QQQ_SMA_10,Raw,trend,0.009208884288358685,slow,moderate,slow
257,QQQ_SMA_10_r5,Rounded,trend_round,0.007636843128734566,slow,slow,slow
258,QQQ_SMA_100,Raw,trend,0.009395884395972982,slow,moderate,slow
259,QQQ_SMA_100_r5,Rounded,trend_round,0.008989439132992752,slow,moderate,moderate
260,QQQ_SMA_200,Raw,trend,0.00933512938257578,slow,moderate,slow
261,QQQ_SMA_200_r5,Rounded,trend_round,0.008706949793820482,slow,slow,slow
262,QQQ_SMA_25,Raw,trend,0.009426779205554495,slow,moderate,moderate
263,QQQ_SMA_25_r5,Rounded,trend_round,0.009445173490451137,slow,fast,fast
264,QQQ_SMA_50,Raw,trend,0.009419706661285412,slow,moderate,moderate
265,QQQ_SMA_50_r5,Rounded,trend_round,0.009203440041043905,slow,fast,fast
266,Regime,Raw,other,0.2758347040491986,moderate,fast,moderate
267,Regime_Category,Raw,other,0.3523055881188908,moderate,fast,fast
268,Rel_Max_10,Raw,trend,0.006487140304864045,slow,slow,
269,Rel_Max_120,Raw,trend,0.006825981318911396,slow,slow,slow
270,Rel_Max_30,Raw,trend,0.006694794437784318,slow,slow,slow
271,Rel_Max_60,Raw,trend,0.00679243982591376,slow,slow,slow
272,Rel_Min_10,Raw,trend,0.008585564831943844,slow,slow,slow
273,Rel_Min_120,Raw,trend,0.009292938810914772,slow,moderate,slow
274,Rel_Min_30,Raw,trend,0.009065683057440462,slow,moderate,slow
275,Rel_Min_60,Raw,trend,0.009243031473692629,slow,moderate,slow
283,RSI_14,Raw,momentum,0.09040172801335679,slow,moderate,slow
284,RSI_14_EA10,Exponential MA,momentum,0.09477078226334817,slow,slow,slow
285,RSI_14_EA25,Exponential MA,momentum,0.10577359904348847,slow,slow,slow
286,RSI_14_EA5,Exponential MA,momentum,0.07939166984309454,slow,slow,slow
287,RSI_14_EA50,Exponential MA,momentum,0.11008680947368016,slow,slow,slow
288,RSI_14_MA10,Simple MA,momentum,0.10447967767901144,slow,slow,slow
289,RSI_14_MA25,Simple MA,momentum,0.1105911377063986,slow,slow,slow
290,RSI_14_MA5,Simple MA,momentum,0.0973178791795164,slow,slow,slow
291,RSI_14_MA50,Simple MA,momentum,0.11232078303175563,slow,slow,slow
292,RSI_14_slope10,Slope_10,momentum,1.781008478377679,moderate,slow,moderate
293,RSI_14_slope25,Slope_25,momentum,0.8930659180627836,moderate,slow,moderate
294,RSI_14_slope50,Slope_50,momentum,0.8012036733913983,moderate,moderate,moderate
295,RSI_21,Raw,momentum,0.05981505659339663,slow,moderate,slow
296,RSI_21_EA10,Exponential MA,momentum,0.05778831253294073,slow,slow,slow
297,RSI_21_EA25,Exponential MA,momentum,0.06421284093361163,slow,slow,slow
298,RSI_21_EA5,Exponential MA,momentum,0.048868001376224074,slow,slow,
299,RSI_21_EA50,Exponential MA,momentum,0.06672034071642623,slow,slow,slow
300,RSI_21_MA10,Simple MA,momentum,0.06357190713132588,slow,slow,slow
301,RSI_21_MA25,Simple MA,momentum,0.06780012905191155,slow,slow,slow
302,RSI_21_MA5,Simple MA,momentum,0.0597025557458878,slow,slow,slow
303,RSI_21_MA50,Simple MA,momentum,0.06815822946262269,slow,slow,slow
304,RSI_21_slope10,Slope_10,momentum,2.4812442592667074,moderate,fast,moderate
305,RSI_21_slope25,Slope_25,momentum,0.7898897976056868,moderate,slow,moderate
306,RSI_21_slope50,Slope_50,momentum,0.6167175605394889,moderate,slow,slow
307,RSI_7,Raw,momentum,0.16952326628389078,slow,moderate,slow
308,RSI_7_EA10,Exponential MA,momentum,0.27349525375831174,moderate,slow,slow
309,RSI_7_EA25,Exponential MA,momentum,0.31492553876633916,moderate,slow,slow
310,RSI_7_EA5,Exponential MA,momentum,0.21547821011257318,slow,slow,slow
311,RSI_7_EA50,Exponential MA,momentum,0.32850321921500597,moderate,slow,slow
312,RSI_7_MA10,Simple MA,momentum,0.31259767124742127,moderate,slow,slow
313,RSI_7_MA25,Simple MA,momentum,0.329630166688181,moderate,slow,slow
314,RSI_7_MA5,Simple MA,momentum,0.2539354644122846,moderate,slow,slow
315,RSI_7_MA50,Simple MA,momentum,0.3351342514079559,moderate,slow,slow
316,RSI_7_slope10,Slope_10,momentum,1.3056234785928311,moderate,,moderate
317,RSI_7_slope25,Slope_25,momentum,1.232259026160549,moderate,moderate,moderate
318,RSI_7_slope50,Slope_50,momentum,1.3969714430162068,moderate,moderate,moderate
319,Signal_Line,Raw,momentum,0.23255254807558978,slow,moderate,slow
320,Signal_Line_EA10,Exponential MA,momentum,1.0373496300527782,moderate,slow,moderate
321,Signal_Line_EA25,Exponential MA,momentum,1.7824936400747255,moderate,moderate,moderate
322,Signal_Line_EA5,Exponential MA,momentum,0.5484528796944523,moderate,slow,slow
323,Signal_Line_EA50,Exponential MA,momentum,2.331591156994373,moderate,moderate,moderate
324,Signal_Line_MA10,Simple MA,momentum,1.2663612968498668,moderate,slow,moderate
325,Signal_Line_MA25,Simple MA,momentum,2.401087837194904,moderate,moderate,moderate
326,Signal_Line_MA5,Simple MA,momentum,0.5998856850381491,moderate,slow,slow
327,Signal_Line_MA50,Simple MA,momentum,3.1796991215764696,moderate,moderate,fast
330,UpVolume,Raw,volatility,1.079439163583119,moderate,fast,slow
331,VIX,Raw,volatility,0.04979317654952528,slow,moderate,slow
332,VIX_1_change,Raw,volatility,30.000606466269677,fast,fast,fast
333,VIX_1_change_EA10,Exponential MA,volatility,7.884174558089462,fast,fast,fast
334,VIX_1_change_EA25,Exponential MA,volatility,14.57613063054565,fast,fast,fast
335,VIX_1_change_EA5,Exponential MA,volatility,5.244056378498652,fast,fast,moderate
336,VIX_1_change_EA50,Exponential MA,volatility,31.842519691168288,fast,fast,fast
337,VIX_1_change_MA10,Simple MA,volatility,12.947675902461153,fast,fast,fast
338,VIX_1_change_MA25,Simple MA,volatility,50.58590544509675,fast,fast,fast
339,VIX_1_change_MA5,Simple MA,volatility,10.314773464523979,fast,fast,fast
340,VIX_1_change_MA50,Simple MA,volatility,732.1804238185897,fast,fast,fast
341,VIX_10_change,Raw,volatility,4.504825509557674,fast,fast,moderate
342,VIX_5_change,Raw,volatility,7.578245652081011,fast,fast,fast
343,VIX_5_change_EA10,Exponential MA,volatility,4.6230663986384215,fast,fast,moderate
344,VIX_5_change_EA25,Exponential MA,volatility,7.230518264184826,fast,fast,fast
345,VIX_5_change_EA5,Exponential MA,volatility,3.2116857562225762,moderate,moderate,moderate
346,VIX_5_change_EA50,Exponential MA,volatility,11.89369790428456,fast,fast,fast
347,VIX_5_change_MA10,Simple MA,volatility,7.145607170118709,fast,fast,fast
348,VIX_5_change_MA25,Simple MA,volatility,21.993463394859475,fast,fast,fast
349,VIX_5_change_MA5,Simple MA,volatility,4.961564541049272,fast,moderate,moderate
350,VIX_5_change_MA50,Simple MA,volatility,207.16573339664643,fast,fast,fast
351,VIX_crossover,Raw,volatility,1.6128885184694752,moderate,fast,slow
352,VIX_EA10,Exponential MA,volatility,0.04029952853745937,slow,slow,slow
353,VIX_EA25,Exponential MA,volatility,0.04319219768219225,slow,slow,slow
354,VIX_EA5,Exponential MA,volatility,0.03483687800169712,slow,slow,slow
355,VIX_EA50,Exponential MA,volatility,0.04382384397265438,slow,slow,slow
356,VIX_MA10,Simple MA,volatility,0.04443678673545403,slow,slow,slow
357,VIX_MA25,Simple MA,volatility,0.04443699919517232,slow,slow,slow
358,VIX_MA5,Simple MA,volatility,0.04292231457444042,slow,slow,slow
359,VIX_MA50,Simple MA,volatility,0.044345584697815715,slow,slow,slow
360,VIX_rolling_std,Raw,volatility,0.251353690681435,moderate,moderate,slow
361,VIX_rolling_std_EA10,Exponential MA,volatility,0.2996076849171401,moderate,slow,slow
362,VIX_rolling_std_EA25,Exponential MA,volatility,0.3162499275183745,moderate,slow,slow
363,VIX_rolling_std_EA5,Exponential MA,volatility,0.2601893529529799,moderate,slow,slow
364,VIX_rolling_std_EA50,Exponential MA,volatility,0.31881889059846985,moderate,slow,slow
365,VIX_rolling_std_MA10,Simple MA,volatility,0.3220789864801644,moderate,slow,slow
366,VIX_rolling_std_MA25,Simple MA,volatility,0.32204714147362695,moderate,slow,slow
367,VIX_rolling_std_MA5,Simple MA,volatility,0.327703626297227,moderate,slow,slow
368,VIX_rolling_std_MA50,Simple MA,volatility,0.32025495625627975,moderate,slow,slow
369,VIX_slope10,Slope_10,volatility,3.4938524493451735,moderate,fast,moderate
370,VIX_slope25,Slope_25,volatility,1.1451177798534797,moderate,moderate,slow
371,VIX_slope50,Slope_50,volatility,0.5649359813043567,moderate,slow,slow
372,vol_10,Raw,volatility,19.69786685439855,fast,fast,fast
373,vol_10_EA10,Exponential MA,volatility,1.9422745022050794,moderate,moderate,moderate
374,vol_10_EA25,Exponential MA,volatility,2.7581166749355797,moderate,moderate,moderate
375,vol_10_EA5,Exponential MA,volatility,1.4091393624153592,moderate,moderate,slow
376,vol_10_EA50,Exponential MA,volatility,3.8714043196093293,fast,moderate,moderate
377,vol_10_MA10,Simple MA,volatility,2.266210636440289,moderate,moderate,moderate
378,vol_10_MA25,Simple MA,volatility,3.4396818259507613,moderate,moderate,moderate
379,vol_10_MA5,Simple MA,volatility,1.7748083555033134,moderate,moderate,moderate
380,vol_10_MA50,Simple MA,volatility,10.66997041051323,fast,fast,fast
381,vol_25,Raw,volatility,38.21915401475251,fast,fast,fast
382,vol_25_EA10,Exponential MA,volatility,1.231727484806901,moderate,slow,slow
383,vol_25_EA25,Exponential MA,volatility,2.2981822114151726,moderate,moderate,moderate
384,vol_25_EA5,Exponential MA,volatility,0.7450925423610738,moderate,slow,slow
385,vol_25_EA50,Exponential MA,volatility,3.447609243707024,moderate,moderate,moderate
386,vol_25_MA10,Simple MA,volatility,1.4117428488205719,moderate,slow,slow
387,vol_25_MA25,Simple MA,volatility,3.3779398063412547,moderate,moderate,moderate
388,vol_25_MA5,Simple MA,volatility,0.8858058976057062,moderate,slow,slow
389,vol_25_MA50,Simple MA,volatility,7.2754040892617695,fast,fast,fast
390,vol_5,Raw,volatility,26.97471813133634,fast,fast,fast
391,vol_5_EA10,Exponential MA,volatility,4.243601647300319,fast,moderate,moderate
392,vol_5_EA25,Exponential MA,volatility,14.23501992770881,fast,fast,fast
393,vol_5_EA5,Exponential MA,volatility,2.281833289580605,moderate,moderate,moderate
394,vol_5_EA50,Exponential MA,volatility,142.66739574929193,fast,fast,fast
395,vol_5_MA10,Simple MA,volatility,7.246214541688524,fast,fast,fast
396,vol_5_MA25,Simple MA,volatility,23.957482499145875,fast,fast,fast
397,vol_5_MA5,Simple MA,volatility,3.2296681898022404,moderate,moderate,moderate
398,vol_5_MA50,Simple MA,volatility,26.7929859249848,fast,fast,fast
399,Vol_Ratio_10,Raw,volatility,8.97715173097972,fast,fast,fast
400,Vol_Ratio_10_EA10,Exponential MA,volatility,7.401659581703529,fast,fast,fast
401,Vol_Ratio_10_EA25,Exponential MA,volatility,85.78030846998877,fast,fast,fast
402,Vol_Ratio_10_EA5,Exponential MA,volatility,3.904524839611784,fast,moderate,moderate
403,Vol_Ratio_10_EA50,Exponential MA,volatility,24.022358463007883,fast,fast,fast
404,Vol_Ratio_10_MA10,Simple MA,volatility,11.885244395101946,fast,fast,fast
405,Vol_Ratio_10_MA25,Simple MA,volatility,11.585597197970769,fast,fast,fast
406,Vol_Ratio_10_MA5,Simple MA,volatility,4.898823346208027,fast,moderate,moderate
407,Vol_Ratio_10_MA50,Simple MA,volatility,17.12692901596444,fast,fast,fast
408,Vol_Ratio_100,Raw,volatility,5.7810771314001785,fast,fast,fast
409,Vol_Ratio_100_EA10,Exponential MA,volatility,2.8513324030904665,moderate,moderate,moderate
410,Vol_Ratio_100_EA25,Exponential MA,volatility,6.533850326608315,fast,fast,fast
411,Vol_Ratio_100_EA5,Exponential MA,volatility,1.7478207398489938,moderate,moderate,slow
412,Vol_Ratio_100_EA50,Exponential MA,volatility,11.07345547054916,fast,fast,fast
413,Vol_Ratio_100_MA10,Simple MA,volatility,2.974481382047476,moderate,moderate,moderate
414,Vol_Ratio_100_MA25,Simple MA,volatility,11.041208334389392,fast,fast,fast
415,Vol_Ratio_100_MA5,Simple MA,volatility,1.9725169312977402,moderate,moderate,moderate
416,Vol_Ratio_100_MA50,Simple MA,volatility,26.628709257401862,fast,fast,fast
417,Vol_Ratio_25,Raw,volatility,3.514769687778442,moderate,fast,moderate
418,Vol_Ratio_25_EA10,Exponential MA,volatility,31.075942385621754,fast,fast,fast
419,Vol_Ratio_25_EA25,Exponential MA,volatility,14.169987663820885,fast,fast,fast
420,Vol_Ratio_25_EA5,Exponential MA,volatility,10.85634223271259,fast,fast,fast
421,Vol_Ratio_25_EA50,Exponential MA,volatility,13.91965179890882,fast,fast,fast
422,Vol_Ratio_25_MA10,Simple MA,volatility,13.296165853968015,fast,fast,fast
423,Vol_Ratio_25_MA25,Simple MA,volatility,12.454006462464525,fast,fast,fast
424,Vol_Ratio_25_MA5,Simple MA,volatility,33.69958512428864,fast,fast,fast
425,Vol_Ratio_25_MA50,Simple MA,volatility,23.61879681436581,fast,fast,fast
426,Vol_Ratio_50,Raw,volatility,2.283779695153819,moderate,fast,moderate
427,Vol_Ratio_50_EA10,Exponential MA,volatility,2.4040071413256854,moderate,moderate,moderate
428,Vol_Ratio_50_EA25,Exponential MA,volatility,4.896120423018704,fast,fast,moderate
429,Vol_Ratio_50_EA5,Exponential MA,volatility,1.6518266128439991,moderate,moderate,slow
430,Vol_Ratio_50_EA50,Exponential MA,volatility,14.672967166507545,fast,fast,fast
431,Vol_Ratio_50_MA10,Simple MA,volatility,2.676650907840526,moderate,moderate,moderate
432,Vol_Ratio_50_MA25,Simple MA,volatility,5.540559865979608,fast,moderate,fast
433,Vol_Ratio_50_MA5,Simple MA,volatility,1.9125764931637712,moderate,moderate,moderate
434,Vol_Ratio_50_MA50,Simple MA,volatility,18.69989525058131,fast,fast,fast
435,Vol_Spike_10,Raw,volatility,0.25231713871328587,moderate,moderate,slow
436,Vol_Spike_10_EA10,Exponential MA,volatility,0.22399699860475905,slow,slow,slow
437,Vol_Spike_10_EA25,Exponential MA,volatility,0.240283107808072,slow,slow,slow
438,Vol_Spike_10_EA5,Exponential MA,volatility,0.19560142119505142,slow,slow,slow
439,Vol_Spike_10_EA50,Exponential MA,volatility,0.2451859526213854,slow,slow,slow
440,Vol_Spike_10_MA10,Simple MA,volatility,0.24371000411676572,slow,slow,slow
441,Vol_Spike_10_MA25,Simple MA,volatility,0.2455394545446115,slow,slow,slow
442,Vol_Spike_10_MA5,Simple MA,volatility,0.23106530359486432,slow,slow,slow
443,Vol_Spike_10_MA50,Simple MA,volatility,0.24749833459187673,slow,slow,slow
444,Vol_Spike_10_slope10,Slope_10,volatility,2.483811940231903,moderate,fast,moderate
445,Vol_Spike_10_slope25,Slope_25,volatility,3.152083911685385,moderate,fast,moderate
446,Vol_Spike_10_slope50,Slope_50,volatility,4.206667191749311,fast,fast,moderate
447,Vol_Spike_20,Raw,volatility,0.2559047993910037,moderate,fast,slow
448,Vol_Spike_20_EA10,Exponential MA,volatility,0.22485450172887833,slow,slow,slow
449,Vol_Spike_20_EA25,Exponential MA,volatility,0.24058728657890371,slow,slow,slow
450,Vol_Spike_20_EA5,Exponential MA,volatility,0.1966215824337218,slow,slow,slow
451,Vol_Spike_20_EA50,Exponential MA,volatility,0.24541883870863268,slow,slow,slow
452,Vol_Spike_20_MA10,Simple MA,volatility,0.2430609031676106,slow,slow,slow
453,Vol_Spike_20_MA25,Simple MA,volatility,0.24581225989342542,slow,slow,slow
454,Vol_Spike_20_MA5,Simple MA,volatility,0.2315432231790624,slow,slow,slow
455,Vol_Spike_20_MA50,Simple MA,volatility,0.2477469246042172,slow,slow,slow
456,Vol_Spike_20_slope10,Slope_10,volatility,2.273334188172522,moderate,moderate,moderate
457,Vol_Spike_20_slope25,Slope_25,volatility,1.806559950061615,moderate,fast,moderate
458,Vol_Spike_20_slope50,Slope_50,volatility,2.6922632903906574,moderate,fast,moderate
459,Vol_Spike_40,Raw,volatility,0.2574481533839399,moderate,fast,slow
460,Vol_Spike_40_EA10,Exponential MA,volatility,0.22610250666727508,slow,slow,slow
461,Vol_Spike_40_EA25,Exponential MA,volatility,0.2420986276671333,slow,slow,slow
462,Vol_Spike_40_EA5,Exponential MA,volatility,0.1980630346574937,slow,slow,slow
463,Vol_Spike_40_EA50,Exponential MA,volatility,0.24720737558910294,slow,slow,slow
464,Vol_Spike_40_MA10,Simple MA,volatility,0.24382909686728146,slow,slow,slow
465,Vol_Spike_40_MA25,Simple MA,volatility,0.24713000792016684,slow,slow,slow
466,Vol_Spike_40_MA5,Simple MA,volatility,0.23308570169282916,slow,slow,slow
467,Vol_Spike_40_MA50,Simple MA,volatility,0.2496726794124922,moderate,slow,slow
468,Vol_Spike_40_slope10,Slope_10,volatility,2.314304210766261,moderate,moderate,moderate
469,Vol_Spike_40_slope25,Slope_25,volatility,1.4167030222663466,moderate,fast,slow
470,Vol_Spike_40_slope50,Slope_50,volatility,1.6137972390226316,moderate,fast,slow
472,VROC_10,Rate,momentum,3.2534284756311425,moderate,,fast
473,VROC_3,Rate,momentum,4.5787399502026265,fast,moderate,fast
474,VROC_5,Rate,momentum,3.920243069425356,fast,slow,fast
475,VROC_5_EA10,Exponential MA,momentum,16.160628910242213,fast,fast,fast
476,VROC_5_EA25,Exponential MA,momentum,28.573359790502273,fast,fast,fast
477,VROC_5_EA5,Exponential MA,momentum,7.680654971805114,fast,fast,fast
478,VROC_5_EA50,Exponential MA,momentum,30.699633519780626,fast,fast,fast
479,VROC_5_MA10,Simple MA,momentum,105.86454897547544,fast,fast,fast
480,VROC_5_MA25,Simple MA,momentum,28.983166520703655,fast,fast,fast
481,VROC_5_MA5,Simple MA,momentum,17.32998218181402,fast,fast,fast
482,VROC_5_MA50,Simple MA,momentum,27.306145017684287,fast,fast,fast
483,Williams_%R_14,Raw,momentum,0.363066084376656,moderate,fast,slow
484,Williams_%R_14_EA10,Exponential MA,momentum,1.4662115376622447,moderate,moderate,moderate
485,Williams_%R_14_EA25,Exponential MA,momentum,1.541117283116372,moderate,moderate,moderate
486,Williams_%R_14_EA5,Exponential MA,momentum,1.4243555165102497,moderate,moderate,moderate
487,Williams_%R_14_EA50,Exponential MA,momentum,1.588249434049874,moderate,moderate,moderate
488,Williams_%R_14_MA10,Simple MA,momentum,1.440291640284092,moderate,moderate,moderate
489,Williams_%R_14_MA25,Simple MA,momentum,1.5620857819581335,moderate,moderate,moderate
490,Williams_%R_14_MA5,Simple MA,momentum,1.4391310526797099,moderate,slow,moderate
491,Williams_%R_14_MA50,Simple MA,momentum,1.6292657313804326,moderate,moderate,moderate
492,Zscore_10,Raw,volatility,2.2520983072772838,moderate,fast,moderate
493,Zscore_10_EA10,Exponential MA,volatility,2.9393703972981764,moderate,moderate,moderate
494,Zscore_10_EA25,Exponential MA,volatility,3.9506420008536063,fast,moderate,moderate
495,Zscore_10_EA5,Exponential MA,volatility,2.365775784755702,moderate,moderate,moderate
496,Zscore_10_EA50,Exponential MA,volatility,5.442659258523584,fast,fast,fast
497,Zscore_10_MA10,Simple MA,volatility,3.58936932844964,fast,moderate,moderate
498,Zscore_10_MA25,Simple MA,volatility,6.680331113036429,fast,fast,fast
499,Zscore_10_MA5,Simple MA,volatility,2.785098593765712,moderate,moderate,moderate
500,Zscore_10_MA50,Simple MA,volatility,12.643456163916117,fast,fast,fast
501,Zscore_25,Raw,volatility,0.9865127108427492,moderate,fast,slow
502,Zscore_25_EA10,Exponential MA,volatility,3.3955743656883755,moderate,moderate,moderate
503,Zscore_25_EA25,Exponential MA,volatility,12.830735963237835,fast,fast,fast
504,Zscore_25_EA5,Exponential MA,volatility,1.8638487257088996,moderate,moderate,moderate
505,Zscore_25_EA50,Exponential MA,volatility,57.22831471716747,fast,fast,fast
506,Zscore_25_MA10,Simple MA,volatility,5.707238747575149,fast,moderate,fast
507,Zscore_25_MA25,Simple MA,volatility,218.57617770536632,fast,fast,fast
508,Zscore_25_MA5,Simple MA,volatility,2.305210009976544,moderate,moderate,moderate
509,Zscore_25_MA50,Simple MA,volatility,11.481822428065232,fast,fast,fast
510,Zscore_5,Raw,volatility,3.993539015595894,fast,fast,moderate
511,Zscore_5_EA10,Exponential MA,volatility,3.5330578291973156,moderate,moderate,moderate
512,Zscore_5_EA25,Exponential MA,volatility,5.121589157095615,fast,fast,moderate
513,Zscore_5_EA5,Exponential MA,volatility,2.497108358108194,moderate,moderate,moderate
514,Zscore_5_EA50,Exponential MA,volatility,6.226855222523783,fast,fast,fast
515,Zscore_5_MA10,Simple MA,volatility,6.277200433914222,fast,fast,fast
516,Zscore_5_MA25,Simple MA,volatility,8.358928133362928,fast,fast,fast
517,Zscore_5_MA5,Simple MA,volatility,4.136027904926488,fast,moderate,moderate
518,Zscore_5_MA50,Simple MA,volatility,7.833960103048327,fast,fast,fast
519,Zscore_50,Raw,volatility,0.537439975699322,moderate,fast,slow
520,Zscore_50_EA10,Exponential MA,volatility,2.1704772930778304,moderate,moderate,moderate
521,Zscore_50_EA25,Exponential MA,volatility,2.674417193712805,moderate,moderate,moderate
522,Zscore_50_EA5,Exponential MA,volatility,1.577150141372841,moderate,moderate,slow
523,Zscore_50_EA50,Exponential MA,volatility,3.1331289479172657,moderate,moderate,moderate
524,Zscore_50_MA10,Simple MA,volatility,2.619011832386073,moderate,moderate,moderate
525,Zscore_50_MA25,Simple MA,volatility,3.2038898543067535,moderate,moderate,moderate
526,Zscore_50_MA5,Simple MA,volatility,1.9073955315117985,moderate,moderate,moderate
527,Zscore_50_MA50,Simple MA,volatility,3.838251745872463,fast,moderate,moderate
