indicator_1,indicator_2,correlation
QQQ_SMA_10,QQQ_EMA_10,0.9804613753882211
QQQ_EMA_10,QQQ_EMA_25,0.9023989905176716
QQQ_SMA_25,QQQ_EMA_25,0.9818575253189457
QQQ_SMA_25,10_ESMA_25,0.9121723678143647
QQQ_SMA_25,QQQ_SMA_25_r5,0.9204569575809395
QQQ_EMA_25,QQQ_SMA_50,0.9249539489447409
QQQ_EMA_25,QQQ_EMA_50,0.9419752141712484
QQQ_EMA_25,QQQ_SMA_25_r5,0.9025279777038384
QQQ_SMA_50,QQQ_EMA_50,0.9815601996510371
QQQ_SMA_50,10_EMA_25,0.9615771906278254
QQQ_SMA_50,10_SMA_50,0.9094661343621284
QQQ_SMA_50,10_EMA_50,0.9259264109080193
QQQ_SMA_50,10_ESMA_50,0.9447470089696287
QQQ_SMA_50,QQQ_EMA_50_r5,0.9299954532232083
QQQ_SMA_50,QQQ_SMA_50_r5,0.9603547110538061
QQQ_EMA_50,QQQ_SMA_100,0.9233238494710818
QQQ_EMA_50,QQQ_EMA_100,0.9421204451160017
QQQ_EMA_50,10_EMA_25,0.9422131999546158
QQQ_EMA_50,10_EMA_50,0.9251607745109278
QQQ_EMA_50,10_ESMA_50,0.9011997334170634
QQQ_EMA_50,QQQ_EMA_50_r5,0.9475201415425569
QQQ_EMA_50,QQQ_SMA_50_r5,0.9427592963871252
QQQ_EMA_50,QQQ_EMA_100_r5,0.9140437434573598
QQQ_EMA_50,QQQ_SMA_100_r5,0.9031498443536976
QQQ_SMA_100,QQQ_EMA_100,0.9813454647478643
QQQ_SMA_100,10_EMA_50,0.948857103075578
QQQ_SMA_100,10_SMA_100,0.9528328929740258
QQQ_SMA_100,10_EMA_100,0.9558245500268101
QQQ_SMA_100,10_ESMA_100,0.9685207507252247
QQQ_SMA_100,25_EMA_50,0.9508944735877268
QQQ_SMA_100,25_ESMA_100,0.9226110593164137
QQQ_SMA_100,QQQ_EMA_100_r5,0.9540786921140526
QQQ_SMA_100,QQQ_SMA_100_r5,0.9783873742331783
QQQ_EMA_100,QQQ_SMA_200,0.9228802147618572
QQQ_EMA_100,QQQ_EMA_200,0.9428563091052032
QQQ_EMA_100,10_EMA_50,0.9439431409510682
QQQ_EMA_100,10_SMA_100,0.9145687254099026
QQQ_EMA_100,10_EMA_100,0.9589712069059435
QQQ_EMA_100,10_ESMA_100,0.9323620257996591
QQQ_EMA_100,25_EMA_50,0.9266556845685259
QQQ_EMA_100,QQQ_EMA_100_r5,0.971500852349125
QQQ_EMA_100,QQQ_SMA_100_r5,0.9602778882736698
QQQ_EMA_100,QQQ_EMA_200_r5,0.9299431575453992
QQQ_EMA_100,QQQ_SMA_200_r5,0.9123081468730154
QQQ_SMA_200,QQQ_EMA_200,0.9803884910152706
QQQ_SMA_200,50_EMA_100,0.944387585690808
QQQ_SMA_200,50_ESMA_200,0.9204612957909163
QQQ_SMA_200,10_EMA_100,0.9370617088737656
QQQ_SMA_200,10_SMA_200,0.9758050759946482
QQQ_SMA_200,10_EMA_200,0.9673742103565931
QQQ_SMA_200,10_ESMA_200,0.9833116704766244
QQQ_SMA_200,25_EMA_100,0.946497331392184
QQQ_SMA_200,25_SMA_200,0.9354948501240967
QQQ_SMA_200,25_EMA_200,0.9402195287361353
QQQ_SMA_200,25_ESMA_200,0.9565566565912396
QQQ_SMA_200,QQQ_EMA_200_r5,0.9660833218230546
QQQ_SMA_200,QQQ_SMA_200_r5,0.9897308057490497
QQQ_EMA_200,Rel_Max_120,0.9000797256805929
QQQ_EMA_200,50_EMA_100,0.9196067145805873
QQQ_EMA_200,10_EMA_100,0.9434114588071291
QQQ_EMA_200,10_SMA_200,0.9452813958175664
QQQ_EMA_200,10_EMA_200,0.9771334734702668
QQQ_EMA_200,10_ESMA_200,0.9533735336269079
QQQ_EMA_200,25_EMA_100,0.9360544032827505
QQQ_EMA_200,25_EMA_200,0.9401252703786163
QQQ_EMA_200,25_ESMA_200,0.9151741800917731
QQQ_EMA_200,QQQ_EMA_100_r5,0.91727406773843
QQQ_EMA_200,QQQ_EMA_200_r5,0.985539011714328
QQQ_EMA_200,QQQ_SMA_200_r5,0.9697464257216741
50_SMA_100,50_ESMA_100,0.9493840838620268
50_SMA_100,25_SMA_100,0.9101473524824094
50_EMA_100,50_ESMA_100,0.9158244490967659
50_EMA_100,50_SMA_200,0.9289940775769064
50_EMA_100,50_EMA_200,0.9455554377565553
50_EMA_100,50_ESMA_200,0.9594645773120791
50_EMA_100,100_ESMA_200,0.9132662621076512
50_EMA_100,10_EMA_100,0.9032231127553669
50_EMA_100,10_SMA_200,0.9765643781946548
50_EMA_100,10_EMA_200,0.9646733852762622
50_EMA_100,10_ESMA_200,0.9770574657500389
50_EMA_100,25_SMA_100,0.9068448475217237
50_EMA_100,25_EMA_100,0.9723121022664833
50_EMA_100,25_ESMA_100,0.9085373300023336
50_EMA_100,25_SMA_200,0.9835352021104724
50_EMA_100,25_EMA_200,0.9790986322053677
50_EMA_100,25_ESMA_200,0.9840691978271526
50_EMA_100,QQQ_EMA_200_r5,0.9051132732292092
50_EMA_100,QQQ_SMA_200_r5,0.9361441641420715
50_ESMA_100,10_SMA_100,0.944536973247808
50_ESMA_100,10_EMA_100,0.9044729730904663
50_ESMA_100,10_ESMA_100,0.9466313279990576
50_ESMA_100,25_EMA_50,0.9084830956089837
50_ESMA_100,25_SMA_100,0.9892634179507253
50_ESMA_100,25_EMA_100,0.949984876650048
50_ESMA_100,25_ESMA_100,0.9894715209625388
50_SMA_200,50_EMA_200,0.9532480758366418
50_SMA_200,50_ESMA_200,0.9888010705200032
50_SMA_200,100_SMA_200,0.9169687037792225
50_SMA_200,100_EMA_200,0.9048299277586211
50_SMA_200,100_ESMA_200,0.9900201588658137
50_SMA_200,10_SMA_200,0.9108491163647265
50_SMA_200,10_ESMA_200,0.9140688843704009
50_SMA_200,25_SMA_200,0.962063373208246
50_SMA_200,25_EMA_200,0.9248352571001535
50_SMA_200,25_ESMA_200,0.9603181033769376
50_EMA_200,50_ESMA_200,0.9669272095167424
50_EMA_200,100_EMA_200,0.9709640853209366
50_EMA_200,100_ESMA_200,0.9525926159701371
50_EMA_200,10_SMA_200,0.9270353443672635
50_EMA_200,10_EMA_200,0.9397663913662773
50_EMA_200,10_ESMA_200,0.9286414403490293
50_EMA_200,25_SMA_200,0.9557750963860185
50_EMA_200,25_EMA_200,0.9822063253587566
50_EMA_200,25_ESMA_200,0.9565786611324598
50_ESMA_200,100_SMA_200,0.9058219713049988
50_ESMA_200,100_EMA_200,0.9044871476178988
50_ESMA_200,100_ESMA_200,0.9904122554392507
50_ESMA_200,10_SMA_200,0.9571036290314479
50_ESMA_200,10_EMA_200,0.9202045112276087
50_ESMA_200,10_ESMA_200,0.9591733371667003
50_ESMA_200,25_SMA_200,0.9875231985611345
50_ESMA_200,25_EMA_200,0.9593065747917702
50_ESMA_200,25_ESMA_200,0.9887688451793953
50_ESMA_200,QQQ_SMA_200_r5,0.9124769544220062
100_SMA_200,100_EMA_200,0.905736205252855
100_SMA_200,100_ESMA_200,0.9526359225402968
100_EMA_200,100_ESMA_200,0.9151016227341562
100_EMA_200,25_EMA_200,0.9157054041629602
100_ESMA_200,10_SMA_200,0.9170091167580465
100_ESMA_200,10_ESMA_200,0.9198720622131967
100_ESMA_200,25_SMA_200,0.9591458211547438
100_ESMA_200,25_EMA_200,0.9228993336760827
100_ESMA_200,25_ESMA_200,0.9606355342878038
10_SMA_25,10_EMA_25,0.9220905511999132
10_SMA_25,10_ESMA_25,0.9720855005188686
10_EMA_25,10_ESMA_25,0.9450108235533573
10_EMA_25,10_SMA_50,0.9346364117716686
10_EMA_25,10_EMA_50,0.9446266780229612
10_EMA_25,10_ESMA_50,0.9543182817495446
10_EMA_25,QQQ_SMA_50_r5,0.9240791846417836
10_SMA_50,10_EMA_50,0.9624486822124515
10_SMA_50,10_ESMA_50,0.9923389608685006
10_SMA_50,25_ESMA_50,0.9825566829055448
10_EMA_50,10_ESMA_50,0.9725798229510787
10_EMA_50,10_SMA_100,0.9330100840632686
10_EMA_50,10_EMA_100,0.9427461867148436
10_EMA_50,10_ESMA_100,0.9368955858186819
10_EMA_50,25_EMA_50,0.9563297703215068
10_EMA_50,25_ESMA_50,0.9463788978911405
10_EMA_50,QQQ_EMA_100_r5,0.9161749418378178
10_EMA_50,QQQ_SMA_100_r5,0.9284416574017051
10_ESMA_50,25_ESMA_50,0.9821090192827546
10_ESMA_50,QQQ_SMA_50_r5,0.9083100358820795
10_SMA_100,10_EMA_100,0.9748053828698124
10_SMA_100,10_ESMA_100,0.996831870536876
10_SMA_100,25_EMA_50,0.9869857819965399
10_SMA_100,25_SMA_100,0.9469324785841772
10_SMA_100,25_EMA_100,0.9517897059572461
10_SMA_100,25_ESMA_100,0.9799913642705818
10_SMA_100,QQQ_SMA_100_r5,0.9325007690006633
10_EMA_100,10_ESMA_100,0.978298928084831
10_EMA_100,10_SMA_200,0.9294991264396505
10_EMA_100,10_EMA_200,0.9426072378439936
10_EMA_100,10_ESMA_200,0.9295236340998095
10_EMA_100,25_EMA_50,0.979076170283998
10_EMA_100,25_SMA_100,0.9088094309539305
10_EMA_100,25_EMA_100,0.9731104782173629
10_EMA_100,25_ESMA_100,0.9491254151171659
10_EMA_100,QQQ_EMA_100_r5,0.9320332159025833
10_EMA_100,QQQ_SMA_100_r5,0.9356545395615561
10_EMA_100,QQQ_EMA_200_r5,0.9309553729335351
10_EMA_100,QQQ_SMA_200_r5,0.9278101026737621
10_ESMA_100,25_EMA_50,0.9866010278931845
10_ESMA_100,25_SMA_100,0.947857474152535
10_ESMA_100,25_EMA_100,0.9530197256972702
10_ESMA_100,25_ESMA_100,0.9812541925503296
10_ESMA_100,QQQ_EMA_100_r5,0.906865004743321
10_ESMA_100,QQQ_SMA_100_r5,0.9478657405021544
10_SMA_200,10_EMA_200,0.9782979970774315
10_SMA_200,10_ESMA_200,0.998509501712091
10_SMA_200,25_EMA_100,0.966220290415613
10_SMA_200,25_SMA_200,0.9744478135799508
10_SMA_200,25_EMA_200,0.9701501182964094
10_SMA_200,25_ESMA_200,0.987572932016868
10_SMA_200,QQQ_EMA_200_r5,0.9317185613064346
10_SMA_200,QQQ_SMA_200_r5,0.9669579772505077
10_EMA_200,10_ESMA_200,0.9793071131132617
10_EMA_200,25_EMA_100,0.9654303368681467
10_EMA_200,25_SMA_200,0.9432703095107081
10_EMA_200,25_EMA_200,0.9840929342331807
10_EMA_200,25_ESMA_200,0.9584653595125264
10_EMA_200,QQQ_EMA_200_r5,0.963229296811079
10_EMA_200,QQQ_SMA_200_r5,0.9579753652696055
10_ESMA_200,25_EMA_100,0.9651383343252533
10_ESMA_200,25_SMA_200,0.9754234907621291
10_ESMA_200,25_EMA_200,0.9706093863912214
10_ESMA_200,25_ESMA_200,0.9886392928262879
10_ESMA_200,QQQ_EMA_200_r5,0.9396264966149092
10_ESMA_200,QQQ_SMA_200_r5,0.974158323040365
25_SMA_50,25_ESMA_50,0.9517466440283381
25_EMA_50,25_ESMA_50,0.9157503832817587
25_EMA_50,25_SMA_100,0.928006635402436
25_EMA_50,25_EMA_100,0.9454409445232421
25_EMA_50,25_ESMA_100,0.9584482776831235
25_EMA_50,QQQ_EMA_100_r5,0.9003593978145508
25_EMA_50,QQQ_SMA_100_r5,0.9305809879568593
25_SMA_100,25_EMA_100,0.9530188010699312
25_SMA_100,25_ESMA_100,0.9890269589971309
25_EMA_100,25_ESMA_100,0.9674770181219576
25_EMA_100,25_SMA_200,0.9346837963002558
25_EMA_100,25_EMA_200,0.9433155464672093
25_EMA_100,25_ESMA_200,0.9412596536351956
25_EMA_100,QQQ_EMA_200_r5,0.9225839422962328
25_EMA_100,QQQ_SMA_200_r5,0.937815692665767
25_ESMA_100,QQQ_SMA_100_r5,0.9029865789376417
25_SMA_200,25_EMA_200,0.972002948991133
25_SMA_200,25_ESMA_200,0.9958509667289951
25_SMA_200,QQQ_SMA_200_r5,0.9273624168160617
25_EMA_200,25_ESMA_200,0.9764181778559257
25_EMA_200,QQQ_EMA_200_r5,0.9258803992583406
25_EMA_200,QQQ_SMA_200_r5,0.9315071360927768
25_ESMA_200,QQQ_EMA_200_r5,0.9012680675685566
25_ESMA_200,QQQ_SMA_200_r5,0.9480566807698381
QQQ_EMA_50_r5,QQQ_SMA_50_r5,0.9205694199845252
QQQ_EMA_100_r5,QQQ_SMA_100_r5,0.9428876633937764
QQQ_EMA_100_r5,QQQ_EMA_200_r5,0.9083154448447678
QQQ_EMA_200_r5,QQQ_SMA_200_r5,0.9593031262022146
MACD,Signal_Line,0.9513989615000529
BB_Mid,ATR_7,0.9074846845411476
BB_Mid,ATR_14,0.9232354057613031
BB_Mid,ATR_21,0.9193179427952822
BB_Mid,vol_25,0.9718076881763416
UpMask,DownMask,-0.9904014732548828
Vol_Spike_20,Vol_Spike_40,0.9217855648036682
Vol_Spike_20,Liquidity Score,0.9017070236835207
Vol_Spike_40,Liquidity Score,0.985633772339682
ATR_7,ATR_14,0.9707569705511208
ATR_7,ATR_21,0.9465933011343826
ATR_7,vol_10,0.9128844241928346
ATR_14,ATR_21,0.9859907860885613
ATR_14,vol_10,0.9030718672523451
ATR_14,vol_25,0.9131221713060765
ATR_21,vol_25,0.9210379732578359
CCI_14,Williams_%R_14,0.9357714774733884
CCI_14,Zscore_10,0.9240340054052282
Williams_%R_14,Zscore_10,0.9096985249051392
Williams_%R_14,Zscore_25,0.9069121924714402
RSI_7_MA5,RSI_7_MA10,0.9189543646124211
RSI_7_MA5,RSI_7_EA5,0.9850197396601393
RSI_7_MA5,RSI_7_EA10,0.9382378438761605
RSI_14_MA5,RSI_14_EA5,0.9817474774687939
RSI_14_MA5,RSI_14_EA10,0.9047473625458807
RSI_21_MA5,RSI_21_EA5,0.9780599122247474
MACD_MA5,MACD_MA10,0.9497631212432366
MACD_MA5,MACD_EA5,0.9904800077700269
MACD_MA5,MACD_EA10,0.9527498888673299
Signal_Line_MA5,Signal_Line_MA10,0.9747778810693339
Signal_Line_MA5,Signal_Line_EA5,0.9930544101738067
Signal_Line_MA5,Signal_Line_EA10,0.9602043947679468
CCI_14_MA5,CCI_14_MA25,0.9103739194912052
CCI_14_MA5,CCI_14_EA5,0.9943372415560693
CCI_14_MA5,CCI_14_EA10,0.9778856001568853
CCI_14_MA5,CCI_14_EA25,0.9097425554375644
Williams_%R_14_MA5,Williams_%R_14_EA5,0.9553612938990188
BB_Upper_MA5,BB_Upper_EA5,0.9775427573254999
BB_Lower_MA5,BB_Lower_EA5,0.9779430264905783
BB_Mid_MA5,BB_Mid_EA5,0.9770677405078112
OBV_MA5,OBV_MA10,0.9835522520246901
OBV_MA5,OBV_MA25,0.975463992203963
OBV_MA5,OBV_MA50,0.9921233874110165
OBV_MA5,OBV_EA5,0.9976864066807573
OBV_MA5,OBV_EA10,0.9889873245126634
OBV_MA5,OBV_EA25,0.9891166236660296
OBV_MA5,OBV_EA50,0.9884049957319769
OBV_ROC5_MA5,OBV_ROC5_EA5,0.9360080346830342
OBV_Z10_MA5,OBV_Z10_EA5,0.9943901084357879
OBV_Z10_MA5,OBV_Z10_EA10,0.9710493580825373
OBV_Z10_MA5,OBV_Z10_EA25,0.9021182008504683
CMF_20_MA5,CMF_20_EA5,0.9610268228681326
VROC_5_MA5,VROC_5_EA5,0.9431981606605965
Vol_Spike_10_MA5,Vol_Spike_20_MA5,0.9477202639346035
Vol_Spike_10_MA5,Vol_Spike_40_MA5,0.9437892945793777
Vol_Spike_10_MA5,Vol_Spike_10_EA5,0.9761836977559103
Vol_Spike_10_MA5,Vol_Spike_20_EA5,0.9077181087509932
Vol_Spike_10_MA5,Vol_Spike_40_EA5,0.9005035218026058
Vol_Spike_10_MA5,Vol_Spike_10_EA10,0.9281118662395065
Vol_Spike_20_MA5,Vol_Spike_40_MA5,0.9813973025649861
Vol_Spike_20_MA5,Vol_Spike_10_EA5,0.944833456717081
Vol_Spike_20_MA5,Vol_Spike_20_EA5,0.9768233977615517
Vol_Spike_20_MA5,Vol_Spike_40_EA5,0.9528683163836708
Vol_Spike_20_MA5,Vol_Spike_10_EA10,0.9358995709567515
Vol_Spike_20_MA5,Vol_Spike_20_EA10,0.9236699314925602
Vol_Spike_40_MA5,Vol_Spike_10_EA5,0.9408188085898537
Vol_Spike_40_MA5,Vol_Spike_20_EA5,0.9629395927230827
Vol_Spike_40_MA5,Vol_Spike_40_EA5,0.9775736400371018
Vol_Spike_40_MA5,Vol_Spike_10_EA10,0.9323544493164102
Vol_Spike_40_MA5,Vol_Spike_20_EA10,0.9208950850838931
Vol_Spike_40_MA5,Vol_Spike_40_EA10,0.9262455858464487
Vol_Spike_40_MA5,Vol_Spike_10_EA25,0.9053778168400393
Vol_Ratio_25_MA5,Vol_Ratio_25_EA5,0.9745202074863507
Vol_Ratio_50_MA5,Vol_Ratio_50_EA5,0.9766402205554827
Vol_Ratio_100_MA5,Vol_Ratio_100_EA5,0.9774449719668077
ATR_7_MA5,ATR_7_EA5,0.978157851561766
ATR_14_MA5,ATR_14_EA5,0.9799454957642844
ATR_21_MA5,ATR_21_EA5,0.9807526820420971
vol_5_MA5,vol_5_EA5,0.9836829643147155
vol_5_MA5,vol_5_EA10,0.9294173760952044
vol_10_MA5,vol_10_EA5,0.9764969276917567
vol_25_MA5,Price_Vol_Ratio_25_MA5,-0.9314572863443948
vol_25_MA5,vol_25_EA5,0.9784809276988597
vol_25_MA5,Price_Vol_Ratio_25_EA5,-0.9192430123047032
Price_Vol_Ratio_5_MA5,Price_Vol_Ratio_5_EA5,0.961635706630709
Price_Vol_Ratio_10_MA5,Price_Vol_Ratio_10_EA5,0.9676185586489476
Price_Vol_Ratio_25_MA5,Price_Vol_Ratio_25_EA5,0.9735455699186566
plus_DI_MA5,plus_DI_EA5,0.9764572173205156
minus_DI_MA5,minus_DI_EA5,0.9746555864143105
ADX_MA5,ADX_MA10,0.9075836226932958
ADX_MA5,ADX_EA5,0.9785160915125218
VIX_MA5,VIX_EA5,0.9761413352488599
VIX_rolling_std_MA5,VIX_rolling_std_EA5,0.980637860471788
VIX_rolling_std_MA5,VIX_rolling_std_EA10,0.9122731144724435
VIX_5_change_MA5,VIX_5_change_EA5,0.9859910295912866
VIX_5_change_MA5,VIX_5_change_EA10,0.9384358189560348
Zscore_5_MA5,Zscore_5_EA5,0.9839979277242271
Zscore_5_MA5,Zscore_5_EA10,0.9182347679985214
Zscore_10_MA5,Zscore_10_EA5,0.9779307888313465
Zscore_10_MA5,Zscore_10_EA10,0.9286022662101562
Zscore_25_MA5,Zscore_25_EA5,0.9800209805651839
Zscore_50_MA5,Zscore_50_MA10,0.9483592853418732
Zscore_50_MA5,Zscore_50_EA5,0.9842922722781399
Zscore_50_MA5,Zscore_50_EA10,0.9442286991635451
RSI_7_MA10,RSI_7_MA25,0.9680302172605295
RSI_7_MA10,RSI_7_MA50,0.9536832517411552
RSI_7_MA10,RSI_7_EA5,0.9660842279978873
RSI_7_MA10,RSI_7_EA10,0.9955132900078156
RSI_7_MA10,RSI_7_EA25,0.9838307323742992
RSI_7_MA10,RSI_7_EA50,0.9682909445430427
RSI_14_MA10,RSI_14_EA5,0.9449157185807711
RSI_14_MA10,RSI_14_EA10,0.9853457063357287
RSI_14_MA10,RSI_14_EA25,0.900414526267023
RSI_21_MA10,RSI_21_EA5,0.9350654412034579
RSI_21_MA10,RSI_21_EA10,0.9820859317080888
MACD_MA10,MACD_EA5,0.978713754419155
MACD_MA10,MACD_EA10,0.9748145200982701
MACD_MA10,MACD_EA25,0.917793808999161
Signal_Line_MA10,Signal_Line_MA25,0.946453344015694
Signal_Line_MA10,Signal_Line_EA5,0.994041950331633
Signal_Line_MA10,Signal_Line_EA10,0.9957661408557822
Signal_Line_MA10,Signal_Line_EA25,0.9549706170660618
Signal_Line_MA10,Signal_Line_EA50,0.9029762727454411
CCI_14_MA10,CCI_14_EA5,0.9124677731213048
CCI_14_MA10,CCI_14_EA10,0.9533487432534404
CCI_14_MA10,CCI_14_EA25,0.9393924773681758
Williams_%R_14_MA10,Williams_%R_14_EA5,0.9490877834783955
Williams_%R_14_MA10,Williams_%R_14_EA10,0.9848472371491142
Williams_%R_14_MA10,Williams_%R_14_EA25,0.926740811615937
BB_Upper_MA10,BB_Upper_EA5,0.9295008352240083
BB_Upper_MA10,BB_Upper_EA10,0.9812074538759092
BB_Lower_MA10,BB_Lower_EA5,0.930596449072266
BB_Lower_MA10,BB_Lower_EA10,0.9814794296944346
BB_Mid_MA10,BB_Mid_EA5,0.957283626319642
BB_Mid_MA10,BB_Mid_EA10,0.9827651102087559
OBV_MA10,OBV_MA25,0.9982072771840491
OBV_MA10,OBV_MA50,0.979115018686644
OBV_MA10,OBV_EA5,0.9932632899831372
OBV_MA10,OBV_EA10,0.999285654767495
OBV_MA10,OBV_EA25,0.9972308663432603
OBV_MA10,OBV_EA50,0.9922270776647685
OBV_ROC10_MA10,OBV_ROC10_EA10,0.9279445408917526
OBV_Z10_MA10,OBV_Z10_MA25,0.9103359866943032
OBV_Z10_MA10,OBV_Z10_EA5,0.9242972075463799
OBV_Z10_MA10,OBV_Z10_EA10,0.964809383379503
OBV_Z10_MA10,OBV_Z10_EA25,0.9641964767858144
OBV_Z10_MA10,OBV_Z10_EA50,0.9360049702795806
CMF_20_MA10,CMF_20_EA10,0.9803119609496231
ADL_MA10,ADL_MA25,0.9738215436289295
ADL_MA10,ADL_EA5,0.9199289120803347
ADL_MA10,ADL_EA10,0.991614349936701
ADL_MA10,ADL_EA25,0.9699758176574578
VROC_5_MA10,VROC_5_EA10,0.9097280340084812
VROC_5_MA10,VROC_5_EA25,0.9231515430739361
Vol_Spike_10_MA10,Vol_Spike_20_MA10,0.910457954631675
Vol_Spike_10_MA10,Vol_Spike_10_MA25,0.9146364233838702
Vol_Spike_10_MA10,Vol_Spike_10_EA5,0.9211581399784132
Vol_Spike_10_MA10,Vol_Spike_10_EA10,0.9792664445862946
Vol_Spike_10_MA10,Vol_Spike_10_EA25,0.9570583979085626
Vol_Spike_10_MA10,Vol_Spike_10_EA50,0.9249091703935576
Vol_Spike_20_MA10,Vol_Spike_40_MA10,0.9575116817362636
Vol_Spike_20_MA10,Vol_Spike_10_MA25,0.9611475857116701
Vol_Spike_20_MA10,Vol_Spike_10_MA50,0.9395631474950336
Vol_Spike_20_MA10,Vol_Spike_20_EA5,0.9269859728303796
Vol_Spike_20_MA10,Vol_Spike_40_EA5,0.9014427314118015
Vol_Spike_20_MA10,Vol_Spike_10_EA10,0.9224317346663652
Vol_Spike_20_MA10,Vol_Spike_20_EA10,0.9796236041091938
Vol_Spike_20_MA10,Vol_Spike_40_EA10,0.9236980424350316
Vol_Spike_20_MA10,Vol_Spike_10_EA25,0.9642453050463358
Vol_Spike_20_MA10,Vol_Spike_20_EA25,0.9246944298168953
Vol_Spike_20_MA10,Vol_Spike_10_EA50,0.9578322293564143
Vol_Spike_40_MA10,Vol_Spike_10_MA25,0.9666521098569035
Vol_Spike_40_MA10,Vol_Spike_10_MA50,0.9722669749728696
Vol_Spike_40_MA10,Vol_Spike_40_EA5,0.93066563227943
Vol_Spike_40_MA10,Vol_Spike_10_EA10,0.9066593028294007
Vol_Spike_40_MA10,Vol_Spike_20_EA10,0.9577494453945897
Vol_Spike_40_MA10,Vol_Spike_40_EA10,0.9807369330351493
Vol_Spike_40_MA10,Vol_Spike_10_EA25,0.9647941360193414
Vol_Spike_40_MA10,Vol_Spike_20_EA25,0.9503743531452822
Vol_Spike_40_MA10,Vol_Spike_40_EA25,0.9111315674446632
Vol_Spike_40_MA10,Vol_Spike_10_EA50,0.9758770220318232
Vol_Spike_40_MA10,Vol_Spike_20_EA50,0.9205229535489762
Vol_Ratio_25_MA10,Vol_Ratio_25_EA5,0.9296701960877023
Vol_Ratio_25_MA10,Vol_Ratio_25_EA10,0.9770154087973998
Vol_Ratio_50_MA10,Vol_Ratio_50_EA5,0.9341085204318724
Vol_Ratio_50_MA10,Vol_Ratio_50_EA10,0.979198239027868
Vol_Ratio_100_MA10,Vol_Ratio_100_EA5,0.9326214434659319
Vol_Ratio_100_MA10,Vol_Ratio_100_EA10,0.980742138187032
ATR_7_MA10,ATR_7_EA5,0.9341932166451805
ATR_7_MA10,ATR_7_EA10,0.9796405156367141
ATR_14_MA10,ATR_14_EA5,0.9527593871229788
ATR_14_MA10,ATR_14_EA10,0.9823064010539518
ATR_21_MA10,ATR_21_EA5,0.9536490357348486
ATR_21_MA10,ATR_21_EA10,0.9839648517283839
vol_5_MA10,vol_5_EA5,0.9318318179713523
vol_5_MA10,vol_5_EA10,0.9814236010090905
vol_5_MA10,vol_5_EA25,0.9430774352640161
vol_10_MA10,vol_10_EA5,0.9266890121862409
vol_10_MA10,vol_10_EA10,0.980560406547943
vol_25_MA10,vol_25_EA5,0.9642211612671173
vol_25_MA10,vol_25_EA10,0.9834942453525782
Price_Vol_Ratio_5_MA10,Price_Vol_Ratio_5_EA10,0.9658250555447011
Price_Vol_Ratio_10_MA10,Price_Vol_Ratio_10_EA5,0.9113256363178003
Price_Vol_Ratio_10_MA10,Price_Vol_Ratio_10_EA10,0.9786071129056817
Price_Vol_Ratio_25_MA10,Price_Vol_Ratio_25_EA5,0.9540113827120478
Price_Vol_Ratio_25_MA10,Price_Vol_Ratio_25_EA10,0.9740498055827406
plus_DI_MA10,plus_DI_EA5,0.9380605813819392
plus_DI_MA10,plus_DI_EA10,0.9804533567960675
minus_DI_MA10,minus_DI_EA5,0.9198737217834739
minus_DI_MA10,minus_DI_EA10,0.9783028624405601
ADX_MA10,ADX_EA5,0.9721106143452055
ADX_MA10,ADX_EA10,0.9812887881593454
VIX_MA10,VIX_EA5,0.9167303265440777
VIX_MA10,VIX_EA10,0.9783271968982176
VIX_rolling_std_MA10,VIX_rolling_std_EA5,0.9226132079479475
VIX_rolling_std_MA10,VIX_rolling_std_EA10,0.9763823803944635
VIX_rolling_std_MA10,VIX_rolling_std_EA25,0.919651009649965
VIX_5_change_MA10,VIX_5_change_EA10,0.9309992564881316
Zscore_5_MA10,Zscore_5_EA10,0.9724564504330439
Zscore_5_MA10,Zscore_5_EA25,0.9146767285745943
Zscore_10_MA10,Zscore_10_EA5,0.9534077311420479
Zscore_10_MA10,Zscore_10_EA10,0.9866582388780056
Zscore_10_MA10,Zscore_10_EA25,0.9263837397505679
Zscore_25_MA10,Zscore_25_EA10,0.9696050693213292
Zscore_25_MA10,Zscore_25_EA25,0.9236192094249154
Zscore_50_MA10,Zscore_50_EA5,0.964446940611796
Zscore_50_MA10,Zscore_50_EA10,0.9906191019169347
Zscore_50_MA10,Zscore_50_EA25,0.91726165800259
RSI_7_MA25,RSI_7_MA50,0.9791567570648552
RSI_7_MA25,RSI_7_EA5,0.9147671074269033
RSI_7_MA25,RSI_7_EA10,0.9734941383857567
RSI_7_MA25,RSI_7_EA25,0.9944934647889382
RSI_7_MA25,RSI_7_EA50,0.9878291537471411
RSI_14_MA25,RSI_14_MA50,0.9238664199473978
RSI_14_MA25,RSI_14_EA25,0.9827275336606038
RSI_14_MA25,RSI_14_EA50,0.9620005038704248
RSI_21_MA25,RSI_21_EA25,0.9859302280331015
RSI_21_MA25,RSI_21_EA50,0.938880913069186
MACD_MA25,MACD_EA10,0.9352979953482996
MACD_MA25,MACD_EA25,0.967133557915805
Signal_Line_MA25,Signal_Line_MA50,0.9621805316281451
Signal_Line_MA25,Signal_Line_EA5,0.9197244113142081
Signal_Line_MA25,Signal_Line_EA10,0.9706841155613121
Signal_Line_MA25,Signal_Line_EA25,0.9975047508235501
Signal_Line_MA25,Signal_Line_EA50,0.9828902838641989
CCI_14_MA25,CCI_14_EA5,0.9211981565068116
CCI_14_MA25,CCI_14_EA10,0.954195865845026
CCI_14_MA25,CCI_14_EA25,0.9813193378625811
CCI_14_MA25,CCI_14_EA50,0.9201796650469155
Williams_%R_14_MA25,Williams_%R_14_MA50,0.9194471272135112
Williams_%R_14_MA25,Williams_%R_14_EA10,0.9317619144538659
Williams_%R_14_MA25,Williams_%R_14_EA25,0.9850062978411299
Williams_%R_14_MA25,Williams_%R_14_EA50,0.9675005116489871
BB_Upper_MA25,BB_Upper_EA25,0.9764115222109072
BB_Upper_MA25,BB_Upper_EA50,0.9343314344605801
BB_Lower_MA25,BB_Lower_EA25,0.9789754495401618
BB_Lower_MA25,BB_Lower_EA50,0.9554736032426293
BB_Mid_MA25,BB_Mid_EA25,0.9756178984851117
BB_Mid_MA25,BB_Mid_EA50,0.9399920043497857
OBV_MA25,OBV_MA50,0.975673366212557
OBV_MA25,OBV_EA5,0.9875170859113579
OBV_MA25,OBV_EA10,0.9969909656463147
OBV_MA25,OBV_EA25,0.9960982430990875
OBV_MA25,OBV_EA50,0.991009067884125
OBV_ROC10_MA25,OBV_ROC10_EA25,0.9637446968930908
OBV_ROC10_MA25,OBV_ROC10_EA50,0.9151059726142748
OBV_Z10_MA25,OBV_Z10_EA25,0.9564221372329398
OBV_Z10_MA25,OBV_Z10_EA50,0.9540642123882701
CMF_20_MA25,CMF_20_EA25,0.9824556905320316
CMF_20_MA25,CMF_20_EA50,0.9101121952826677
ADL_MA25,ADL_EA10,0.9755038426430072
ADL_MA25,ADL_EA25,0.9876051845434546
VROC_5_MA25,VROC_5_EA50,0.9076565986891657
Vol_Spike_10_MA25,Vol_Spike_10_MA50,0.9741721418614543
Vol_Spike_10_MA25,Vol_Spike_20_EA5,0.9016568785125376
Vol_Spike_10_MA25,Vol_Spike_40_EA5,0.9090872882871225
Vol_Spike_10_MA25,Vol_Spike_10_EA10,0.9338865790734295
Vol_Spike_10_MA25,Vol_Spike_20_EA10,0.9609301003356597
Vol_Spike_10_MA25,Vol_Spike_40_EA10,0.9455729364334562
Vol_Spike_10_MA25,Vol_Spike_10_EA25,0.9864056187200018
Vol_Spike_10_MA25,Vol_Spike_20_EA25,0.9360436859063178
Vol_Spike_10_MA25,Vol_Spike_10_EA50,0.9872817185624113
Vol_Spike_20_MA25,Vol_Spike_40_MA25,0.9110244308175482
Vol_Spike_20_MA25,Vol_Spike_20_MA50,0.9387681886987029
Vol_Spike_20_MA25,Vol_Spike_40_EA10,0.9113484248627873
Vol_Spike_20_MA25,Vol_Spike_20_EA25,0.9771092566400235
Vol_Spike_20_MA25,Vol_Spike_40_EA25,0.9081576529588193
Vol_Spike_20_MA25,Vol_Spike_20_EA50,0.9721260269181781
Vol_Spike_40_MA25,Vol_Spike_20_MA50,0.9582785723888886
Vol_Spike_40_MA25,Vol_Spike_40_EA25,0.9776314864497341
Vol_Spike_40_MA25,Vol_Spike_20_EA50,0.9403621594995201
Vol_Spike_40_MA25,Vol_Spike_40_EA50,0.9506428508280482
Vol_Ratio_25_MA25,Vol_Ratio_25_EA25,0.9746745382365823
ATR_7_MA25,ATR_7_EA25,0.9727216710969798
ATR_7_MA25,ATR_7_EA50,0.9154673415943931
ATR_14_MA25,ATR_14_EA25,0.9771376168469724
ATR_21_MA25,ATR_21_EA10,0.9021092142919128
ATR_21_MA25,ATR_21_EA25,0.9821627517904159
vol_5_MA25,vol_5_MA50,0.9505518942807969
vol_5_MA25,vol_5_EA10,0.9221545550394431
vol_5_MA25,vol_5_EA25,0.9857333040985671
vol_5_MA25,vol_5_EA50,0.9757136993854003
vol_10_MA25,vol_10_MA50,0.9177668059057429
vol_10_MA25,vol_10_EA25,0.9764593977912548
vol_10_MA25,vol_10_EA50,0.9587754426335254
vol_25_MA25,vol_25_EA25,0.9800141850039342
vol_25_MA25,vol_25_EA50,0.9354608556840295
Price_Vol_Ratio_5_MA25,Price_Vol_Ratio_5_MA50,0.9093675070890669
Price_Vol_Ratio_5_MA25,Price_Vol_Ratio_5_EA25,0.9747493130645454
Price_Vol_Ratio_5_MA25,Price_Vol_Ratio_5_EA50,0.9492624454036542
Price_Vol_Ratio_10_MA25,Price_Vol_Ratio_10_EA25,0.975770002807444
Price_Vol_Ratio_10_MA25,Price_Vol_Ratio_10_EA50,0.9363909565027949
Price_Vol_Ratio_25_MA25,Price_Vol_Ratio_25_EA25,0.9747636502543979
Price_Vol_Ratio_25_MA25,Price_Vol_Ratio_25_EA50,0.9041693496331012
plus_DI_MA25,plus_DI_EA25,0.9847730261895292
plus_DI_MA25,plus_DI_EA50,0.9451103496522522
minus_DI_MA25,minus_DI_EA25,0.9781881447344258
minus_DI_MA25,minus_DI_EA50,0.9363376660229532
ADX_MA25,ADX_EA25,0.9841706733036749
ADX_MA25,ADX_EA50,0.9417047772063873
VIX_MA25,VIX_EA25,0.9779495040972653
VIX_MA25,VIX_EA50,0.9057567481267794
VIX_rolling_std_MA25,VIX_rolling_std_MA50,0.917632928962201
VIX_rolling_std_MA25,VIX_rolling_std_EA10,0.9027683704288048
VIX_rolling_std_MA25,VIX_rolling_std_EA25,0.9796365929626347
VIX_rolling_std_MA25,VIX_rolling_std_EA50,0.9583577565690554
Zscore_5_MA25,Zscore_5_MA50,0.904740656365284
Zscore_5_MA25,Zscore_5_EA25,0.9644886852316499
Zscore_5_MA25,Zscore_5_EA50,0.975204721032648
Zscore_10_MA25,Zscore_10_EA50,0.9328693433508897
Zscore_25_MA25,Zscore_25_MA50,0.9411946264739839
Zscore_25_MA25,Zscore_25_EA25,0.9783384620079892
Zscore_25_MA25,Zscore_25_EA50,0.97322324296869
Zscore_50_MA25,Zscore_50_EA10,0.9330246841463002
Zscore_50_MA25,Zscore_50_EA25,0.9871030088837486
Zscore_50_MA25,Zscore_50_EA50,0.9561453138765604
RSI_7_MA50,RSI_7_EA10,0.9544793338645792
RSI_7_MA50,RSI_7_EA25,0.9867406198062272
RSI_7_MA50,RSI_7_EA50,0.9969003015955232
RSI_14_MA50,RSI_14_EA25,0.9437624258549345
RSI_14_MA50,RSI_14_EA50,0.9864528348997348
RSI_21_MA50,RSI_21_EA25,0.9102428074945249
RSI_21_MA50,RSI_21_EA50,0.9791886084842598
MACD_MA50,MACD_EA50,0.9576016152305192
Signal_Line_MA50,Signal_Line_EA25,0.9673402811639928
Signal_Line_MA50,Signal_Line_EA50,0.9931282650285169
Williams_%R_14_MA50,Williams_%R_14_EA25,0.9522253956155216
Williams_%R_14_MA50,Williams_%R_14_EA50,0.9859432964157318
BB_Upper_MA50,BB_Upper_EA25,0.9051807609349735
BB_Upper_MA50,BB_Upper_EA50,0.9772727087085896
BB_Lower_MA50,BB_Lower_EA25,0.9158984528852274
BB_Lower_MA50,BB_Lower_EA50,0.9794201273685157
BB_Mid_MA50,BB_Mid_EA25,0.9117320816419671
BB_Mid_MA50,BB_Mid_EA50,0.9776546262833773
OBV_MA50,OBV_EA5,0.9918394957735268
OBV_MA50,OBV_EA10,0.9856058535490045
OBV_MA50,OBV_EA25,0.9908765132327593
OBV_MA50,OBV_EA50,0.9950662735827727
OBV_ROC5_MA50,OBV_ROC5_EA50,0.9435435611134878
OBV_Z10_MA50,OBV_Z10_EA25,0.9337832171667191
OBV_Z10_MA50,OBV_Z10_EA50,0.9712989236067696
CMF_20_MA50,CMF_20_EA50,0.9565448774284986
ADL_MA50,ADL_EA50,0.9669181514650281
VROC_5_MA50,VROC_5_EA50,0.9226765279632054
Vol_Spike_10_MA50,Vol_Spike_40_EA5,0.912736583394831
Vol_Spike_10_MA50,Vol_Spike_10_EA10,0.9173417085890508
Vol_Spike_10_MA50,Vol_Spike_20_EA10,0.9430320199705929
Vol_Spike_10_MA50,Vol_Spike_40_EA10,0.9619342515062491
Vol_Spike_10_MA50,Vol_Spike_10_EA25,0.9775789200894762
Vol_Spike_10_MA50,Vol_Spike_20_EA25,0.9398303385007291
Vol_Spike_10_MA50,Vol_Spike_40_EA25,0.9118503633840627
Vol_Spike_10_MA50,Vol_Spike_10_EA50,0.9938760984267019
Vol_Spike_10_MA50,Vol_Spike_20_EA50,0.9195131745112161
Vol_Spike_20_MA50,Vol_Spike_40_MA50,0.9078349765927852
Vol_Spike_20_MA50,Vol_Spike_40_EA10,0.911637096244946
Vol_Spike_20_MA50,Vol_Spike_20_EA25,0.9517590781862995
Vol_Spike_20_MA50,Vol_Spike_40_EA25,0.9755566865522611
Vol_Spike_20_MA50,Vol_Spike_20_EA50,0.9856943101401218
Vol_Spike_20_MA50,Vol_Spike_40_EA50,0.953781502474781
Vol_Spike_40_MA50,Vol_Spike_40_EA25,0.9237785385675306
Vol_Spike_40_MA50,Vol_Spike_40_EA50,0.9775700067808866
ATR_7_MA50,ATR_7_EA50,0.9719210088333358
ATR_14_MA50,ATR_21_MA50,0.9046097455955545
ATR_14_MA50,ATR_14_EA50,0.9720930683613064
ATR_21_MA50,ATR_21_EA25,0.9002467523660386
ATR_21_MA50,ATR_21_EA50,0.97495874678101
vol_5_MA50,vol_5_EA25,0.9595885235094906
vol_5_MA50,vol_5_EA50,0.9894284630062622
vol_10_MA50,vol_10_EA25,0.9313899922754273
vol_10_MA50,vol_10_EA50,0.982408177227526
vol_25_MA50,vol_25_EA25,0.9067305699735432
vol_25_MA50,vol_25_EA50,0.9761175433405292
Price_Vol_Ratio_5_MA50,Price_Vol_Ratio_5_EA25,0.9238759386050419
Price_Vol_Ratio_5_MA50,Price_Vol_Ratio_5_EA50,0.9834238607308387
Price_Vol_Ratio_10_MA50,Price_Vol_Ratio_10_EA25,0.9176487383658304
Price_Vol_Ratio_10_MA50,Price_Vol_Ratio_10_EA50,0.9818928742917197
Price_Vol_Ratio_25_MA50,Price_Vol_Ratio_25_EA25,0.9045796788562616
Price_Vol_Ratio_25_MA50,Price_Vol_Ratio_25_EA50,0.9780363245122077
plus_DI_MA50,plus_DI_EA25,0.923617716265804
plus_DI_MA50,plus_DI_EA50,0.9836394337623654
minus_DI_MA50,minus_DI_EA25,0.9192349292960699
minus_DI_MA50,minus_DI_EA50,0.9830319777304888
ADX_MA50,ADX_EA25,0.9209315924193047
ADX_MA50,ADX_EA50,0.9784630810827889
VIX_MA50,VIX_EA25,0.9003021499799494
VIX_MA50,VIX_EA50,0.9753705847982304
VIX_rolling_std_MA50,VIX_rolling_std_EA25,0.9427345510163979
VIX_rolling_std_MA50,VIX_rolling_std_EA50,0.9820929605266444
Zscore_5_MA50,Zscore_5_EA50,0.9493883593800297
Zscore_25_MA50,Zscore_25_EA25,0.9581061023872763
Zscore_25_MA50,Zscore_25_EA50,0.9894064054424299
Zscore_50_MA50,Zscore_50_EA50,0.9206167629482596
RSI_7_EA5,RSI_7_EA10,0.9786934418722966
RSI_7_EA5,RSI_7_EA25,0.9373689302209604
RSI_7_EA5,RSI_7_EA50,0.9124885517751046
RSI_14_EA5,RSI_14_EA10,0.9567283455220635
RSI_21_EA5,RSI_21_EA10,0.9457577516951803
MACD_EA5,MACD_EA10,0.9819377898766152
MACD_EA5,MACD_EA25,0.9273596812491801
Signal_Line_EA5,Signal_Line_EA10,0.9858954011568785
Signal_Line_EA5,Signal_Line_EA25,0.9333585063006585
CCI_14_EA5,CCI_14_EA10,0.9883232833094887
CCI_14_EA5,CCI_14_EA25,0.9243597155169814
Williams_%R_14_EA5,Williams_%R_14_EA10,0.967477093581473
Williams_%R_14_EA5,Williams_%R_14_EA25,0.9014330726156661
BB_Upper_EA5,BB_Upper_EA10,0.9426769815815345
BB_Lower_EA5,BB_Lower_EA10,0.9436511022605981
BB_Mid_EA5,BB_Mid_EA10,0.9428432873166394
OBV_EA5,OBV_EA10,0.9965802662689656
OBV_EA5,OBV_EA25,0.996136717605646
OBV_EA5,OBV_EA50,0.9942665410955238
OBV_ROC10_EA5,OBV_ROC10_EA10,0.9146363934459091
OBV_Z10_EA5,OBV_Z10_EA10,0.987086427226395
OBV_Z10_EA5,OBV_Z10_EA25,0.9277370092112283
CMF_20_EA5,CMF_20_EA10,0.9140993152817372
ADL_EA5,ADL_EA10,0.952822330266082
ADL_EA5,ADL_EA25,0.9164315295845434
VROC_5_EA5,VROC_5_EA10,0.9437997993571384
Vol_Spike_10_EA5,Vol_Spike_20_EA5,0.9479074486371946
Vol_Spike_10_EA5,Vol_Spike_40_EA5,0.9393302858915542
Vol_Spike_10_EA5,Vol_Spike_10_EA10,0.9692314049741928
Vol_Spike_20_EA5,Vol_Spike_40_EA5,0.9785518825363825
Vol_Spike_20_EA5,Vol_Spike_10_EA10,0.9522940424090081
Vol_Spike_20_EA5,Vol_Spike_20_EA10,0.9641971051522172
Vol_Spike_20_EA5,Vol_Spike_40_EA10,0.9234294485441998
Vol_Spike_20_EA5,Vol_Spike_10_EA25,0.9310993743231949
Vol_Spike_20_EA5,Vol_Spike_10_EA50,0.9102500049339133
Vol_Spike_40_EA5,Vol_Spike_10_EA10,0.9413025387051323
Vol_Spike_40_EA5,Vol_Spike_20_EA10,0.9510353769878697
Vol_Spike_40_EA5,Vol_Spike_40_EA10,0.9644441867442455
Vol_Spike_40_EA5,Vol_Spike_10_EA25,0.9332421432642564
Vol_Spike_40_EA5,Vol_Spike_10_EA50,0.9246772272077178
Vol_Ratio_25_EA5,Vol_Ratio_25_EA10,0.9383312818198386
Vol_Ratio_50_EA5,Vol_Ratio_50_EA10,0.9399157651577297
Vol_Ratio_100_EA5,Vol_Ratio_100_EA10,0.9421442346781157
ATR_7_EA5,ATR_7_EA10,0.9427914471612617
ATR_14_EA5,ATR_14_EA10,0.9448924827255979
ATR_21_EA5,ATR_21_EA10,0.9473755236885644
vol_5_EA5,vol_5_EA10,0.9691017352961656
vol_10_EA5,vol_10_EA10,0.9469197226675073
vol_25_EA5,Price_Vol_Ratio_25_EA5,-0.9227811801610591
vol_25_EA5,vol_25_EA10,0.9451517573613436
Price_Vol_Ratio_5_EA5,Price_Vol_Ratio_5_EA10,0.9449459560010581
Price_Vol_Ratio_10_EA5,Price_Vol_Ratio_10_EA10,0.9385091447328919
Price_Vol_Ratio_25_EA5,Price_Vol_Ratio_25_EA10,0.9352908234508738
plus_DI_EA5,plus_DI_EA10,0.9433948912350495
minus_DI_EA5,minus_DI_EA10,0.9419175822003827
ADX_EA5,ADX_EA10,0.9438200096448035
VIX_EA5,VIX_EA10,0.9428550348756719
VIX_rolling_std_EA5,VIX_rolling_std_EA10,0.962202938164189
VIX_1_change_EA5,VIX_1_change_EA10,0.933810835496566
VIX_5_change_EA5,VIX_5_change_EA10,0.9675332102165142
Zscore_5_EA5,Zscore_5_EA10,0.9396281170387074
Zscore_10_EA5,Zscore_10_EA10,0.9784723811459161
Zscore_50_EA5,Zscore_50_EA10,0.9689210519395364
RSI_7_EA10,RSI_7_EA25,0.9866431052605935
RSI_7_EA10,RSI_7_EA50,0.9695160354705294
RSI_14_EA10,RSI_14_EA25,0.9423468986005523
RSI_21_EA10,RSI_21_EA25,0.9154597322345268
MACD_EA10,MACD_EA25,0.9718237155087188
Signal_Line_EA10,Signal_Line_EA25,0.9773838103909432
Signal_Line_EA10,Signal_Line_EA50,0.9364808278281788
CCI_14_EA10,CCI_14_EA25,0.9673784122209131
Williams_%R_14_EA10,Williams_%R_14_EA25,0.9673509663440739
Williams_%R_14_EA10,Williams_%R_14_EA50,0.9231693041340356
BB_Upper_EA10,BB_Upper_EA25,0.9144352419627074
BB_Lower_EA10,BB_Lower_EA25,0.9181457336406474
BB_Mid_EA10,BB_Mid_EA25,0.9164892966846802
OBV_EA10,OBV_EA25,0.9989702656194724
OBV_EA10,OBV_EA50,0.995241065352575
OBV_ROC10_EA10,OBV_ROC10_EA25,0.9343350963063245
OBV_Z10_EA10,OBV_Z10_EA25,0.9720055409370477
OBV_Z10_EA10,OBV_Z10_EA50,0.9318194752220988
ADL_EA10,ADL_EA25,0.9846217410283011
Vol_Spike_10_EA10,Vol_Spike_20_EA10,0.9254175964418873
Vol_Spike_10_EA10,Vol_Spike_10_EA25,0.9729746925452429
Vol_Spike_10_EA10,Vol_Spike_10_EA50,0.9437075134196482
Vol_Spike_20_EA10,Vol_Spike_40_EA10,0.9608377630605577
Vol_Spike_20_EA10,Vol_Spike_10_EA25,0.9604123823625978
Vol_Spike_20_EA10,Vol_Spike_20_EA25,0.9557412874411316
Vol_Spike_20_EA10,Vol_Spike_10_EA50,0.9577419802387269
Vol_Spike_20_EA10,Vol_Spike_20_EA50,0.904376939790918
Vol_Spike_40_EA10,Vol_Spike_10_EA25,0.9454567337134929
Vol_Spike_40_EA10,Vol_Spike_20_EA25,0.9613023230300535
Vol_Spike_40_EA10,Vol_Spike_40_EA25,0.9439202303227154
Vol_Spike_40_EA10,Vol_Spike_10_EA50,0.9600652769569358
Vol_Spike_40_EA10,Vol_Spike_20_EA50,0.942015769624123
ATR_7_EA10,ATR_7_EA25,0.9090244109290699
ATR_14_EA10,ATR_14_EA25,0.9008323683711184
ATR_21_EA10,ATR_21_EA25,0.903857903727485
vol_5_EA10,vol_5_EA25,0.9634706020055436
vol_5_EA10,vol_5_EA50,0.9157837629197587
vol_10_EA10,vol_10_EA25,0.9337193095611015
vol_25_EA10,vol_25_EA25,0.9142896944801621
Price_Vol_Ratio_5_EA10,Price_Vol_Ratio_5_EA25,0.932609645473758
Price_Vol_Ratio_10_EA10,Price_Vol_Ratio_10_EA25,0.9237939646861123
plus_DI_EA10,plus_DI_EA25,0.9172160140437858
minus_DI_EA10,minus_DI_EA25,0.9163265805690203
ADX_EA10,ADX_EA25,0.9155831631632257
VIX_EA10,VIX_EA25,0.9055178237700052
VIX_rolling_std_EA10,VIX_rolling_std_EA25,0.9554882315364371
VIX_5_change_EA10,VIX_5_change_EA25,0.9202229088648147
Zscore_5_EA10,Zscore_5_EA25,0.9141924910944282
Zscore_10_EA10,Zscore_10_EA25,0.9361056536213155
Zscore_50_EA10,Zscore_50_EA25,0.9501288194399856
RSI_7_EA25,RSI_7_EA50,0.9947547697181179
RSI_14_EA25,RSI_14_EA50,0.9789245713045481
RSI_21_EA25,RSI_21_EA50,0.9635821460890704
MACD_EA25,MACD_EA50,0.9349669366875187
Signal_Line_EA25,Signal_Line_EA50,0.9875489678520439
CCI_14_EA25,CCI_14_EA50,0.9572384933266724
Williams_%R_14_EA25,Williams_%R_14_EA50,0.986064712602416
BB_Upper_EA25,BB_Upper_EA50,0.9599172111021105
BB_Lower_EA25,BB_Lower_EA50,0.9693535848427239
BB_Mid_EA25,BB_Mid_EA50,0.9636183616097659
OBV_EA25,OBV_EA50,0.9983622859285541
OBV_ROC10_EA25,OBV_ROC10_EA50,0.9461774827617989
OBV_Z5_EA25,OBV_Z5_EA50,0.9424816232116144
OBV_Z10_EA25,OBV_Z10_EA50,0.9859786384216298
CMF_20_EA25,CMF_20_EA50,0.9430658103562491
VROC_5_EA25,VROC_5_EA50,0.9573547118693931
Vol_Spike_10_EA25,Vol_Spike_20_EA25,0.9057479223405076
Vol_Spike_10_EA25,Vol_Spike_10_EA50,0.9927125153697053
Vol_Spike_20_EA25,Vol_Spike_40_EA25,0.9333310615557585
Vol_Spike_20_EA25,Vol_Spike_10_EA50,0.9341258807720492
Vol_Spike_20_EA25,Vol_Spike_20_EA50,0.9856363714629137
Vol_Spike_40_EA25,Vol_Spike_20_EA50,0.9650884819729635
Vol_Spike_40_EA25,Vol_Spike_40_EA50,0.9764676529816916
Vol_Ratio_10_EA25,Vol_Ratio_10_EA50,0.9082335146582042
Vol_Ratio_100_EA25,Vol_Ratio_100_EA50,0.9214337463351172
ATR_7_EA25,ATR_7_EA50,0.9533076150300294
ATR_14_EA25,ATR_14_EA50,0.9449419048045131
ATR_21_EA25,ATR_21_EA50,0.9427781301870348
vol_5_EA25,vol_5_EA50,0.9855880657690363
vol_10_EA25,vol_10_EA50,0.974457728743717
vol_25_EA25,vol_25_EA50,0.9612512976195173
Price_Vol_Ratio_5_EA25,Price_Vol_Ratio_5_EA50,0.9661082854293993
Price_Vol_Ratio_10_EA25,Price_Vol_Ratio_10_EA50,0.9616967900700052
Price_Vol_Ratio_25_EA25,Price_Vol_Ratio_25_EA50,0.9482195952057433
plus_DI_EA25,plus_DI_EA50,0.9671094216112985
minus_DI_EA25,minus_DI_EA50,0.9619403816571538
ADX_EA25,ADX_EA50,0.9670155488487678
VIX_EA25,VIX_EA50,0.9455740333527286
VIX_rolling_std_EA25,VIX_rolling_std_EA50,0.9797989258655151
VIX_1_change_EA25,VIX_1_change_EA50,0.9119226936104676
VIX_5_change_EA25,VIX_5_change_EA50,0.936730168193647
Zscore_5_EA25,Zscore_5_EA50,0.9763848513003727
Zscore_25_EA25,Zscore_25_EA50,0.9859656336161785
Zscore_50_EA25,Zscore_50_EA50,0.9714592365908521
Vol_Spike_10_EA50,Vol_Spike_20_EA50,0.9012827365814394
Vol_Spike_20_EA50,Vol_Spike_40_EA50,0.9224914941772937
Vol_Ratio_25_EA50,Vol_Ratio_50_EA50,0.9644047827233289
Vol_Ratio_25_EA50,Vol_Ratio_100_EA50,0.9424338992489222
Vol_Ratio_50_EA50,Vol_Ratio_100_EA50,0.98926335711778
Typical Price,Median Close,0.9971258321070047
