,5029
Date,2025-07-03
Close,556.219970703125
High,557.2000122070312
Low,553.1799926757812
Volume,26443500
QQQ_SMA_10,1.023
QQQ_EMA_10,1.02
QQQ_SMA_25,1.041
QQQ_EMA_25,1.041
QQQ_SMA_50,1.08
QQQ_EMA_50,1.069
num_days_50,45
QQQ_SMA_100,1.115
QQQ_EMA_100,1.094
num_days_100,35
QQQ_SMA_200,1.108
QQQ_EMA_200,1.122
num_days_200,35
Rel_Max_10,1.0
Rel_Min_10,1.056
Max_10_Rows_Since,0.0
Min_10_Rows_Since,8.0
Rel_Max_30,1.0
Rel_Min_30,1.095
Max_30_Rows_Since,0.0
Min_30_Rows_Since,27.0
Rel_Max_60,1.0
Rel_Min_60,1.351
Max_60_Rows_Since,0.0
Min_60_Rows_Since,59.0
Rel_Max_120,1.0
Rel_Min_120,1.376
Max_120_Rows_Since,0.0
Min_120_Rows_Since,60.0
50_SMA_100,1.032
50_EMA_100,1.023
50_ESMA_100,1.042
50_SMA_200,1.026
50_EMA_200,1.049
50_ESMA_200,1.036
100_SMA_200,0.994
100_EMA_200,1.025
100_ESMA_200,1.013
10_SMA_25,1.018
10_EMA_25,1.021
10_ESMA_25,1.021
10_SMA_50,1.056
10_EMA_50,1.049
10_ESMA_50,1.059
10_SMA_100,1.09
10_EMA_100,1.073
10_ESMA_100,1.093
10_SMA_200,1.084
10_EMA_200,1.1
10_ESMA_200,1.087
25_SMA_50,1.037
25_EMA_50,1.027
25_ESMA_50,1.037
25_SMA_100,1.07
25_EMA_100,1.05
25_ESMA_100,1.07
25_SMA_200,1.064
25_EMA_200,1.077
25_ESMA_200,1.064
QQQ_EMA_10_r5,1.0
QQQ_SMA_10_r5,1.0
QQQ_EMA_25_r5,1.05
QQQ_SMA_25_r5,1.05
QQQ_EMA_50_r5,1.05
QQQ_SMA_50_r5,1.1
QQQ_EMA_100_r5,1.1
QQQ_SMA_100_r5,1.1
QQQ_EMA_200_r5,1.1
QQQ_SMA_200_r5,1.1
RSI_7,82.0
RSI_14,69.0
RSI_21,69.0
MACD,0.0186
Signal_Line,0.0172
BB_Upper,1.0006922248699346
BB_Lower,0.9298119938883638
BB_Mid_raw,9.513922285480705
BB_Mid,-0.583
OBV,1.8019549194437614
OBV_ROC5,0.016
OBV_Z5,1.078
OBV_ROC10,0.035
OBV_Z10,1.108
UpMask,True
DownMask,False
UpVolume,26443500
DownVolume,0
Vol_Ratio_10,0.95
Vol_Ratio_25,0.111
Vol_Ratio_50,2.034
Vol_Ratio_100,1.622
CMF_20,0.086
CMF_10,0.295
VROC_3,-0.419
VROC_5,-0.396
VROC_10,-0.399
Vol_Spike_10,0.581
Vol_Spike_20,0.596
Vol_Spike_40,0.581
ADL,1.6073186221752553
ATR_7,-1.7983823567387038
ATR_14,-0.9588532172503846
ATR_21,-0.9643695593365186
plus_DI,37.0
minus_DI,16.0
ADX,26.0
vol_5,-0.642
vol_10,-1.21
vol_25,-0.941
Price_Vol_Ratio_5,0.557
Price_Vol_Ratio_10,1.56
Price_Vol_Ratio_25,1.997
VIX,19.469999313354492
VIX_rolling_std,0.4
VIX_crossover,-1
VIX_5_change,0.025
VIX_1_change,-0.014
VIX_10_change,-0.121
CCI_14,123.02
Williams_%R_14,-2.921
Zscore_5,1.519
Zscore_10,1.327
Zscore_25,2.089
Zscore_50,1.621
RSI_7_MA5,1.0585365853658537
RSI_14_MA5,0.9768115942028986
RSI_21_MA5,1.008695652173913
MACD_MA5,0.9591397849462369
Signal_Line_MA5,0.9755813953488371
CCI_14_MA5,1.0533149081450177
Williams_%R_14_MA5,2.8007531667237173
BB_Upper_MA5,1.000417676586065
BB_Lower_MA5,1.0098202130165252
BB_Mid_MA5,1.491252144082332
OBV_MA5,0.9577348837018613
OBV_ROC5_MA5,1.6124999999999987
OBV_ROC10_MA5,0.6342857142857352
OBV_Z5_MA5,0.8484230055658633
OBV_Z10_MA5,1.2267148014440439
CMF_20_MA5,1.2883720930232563
ADL_MA5,0.8961963182287893
VROC_5_MA5,0.25808080808080897
Vol_Spike_10_MA5,1.6881239242685022
Vol_Spike_20_MA5,1.6791946308724834
Vol_Spike_40_MA5,1.6888123924268497
Vol_Ratio_10_MA5,0.12378947368420902
Vol_Ratio_25_MA5,-2.187387387387386
Vol_Ratio_50_MA5,0.9282202556538849
Vol_Ratio_100_MA5,0.9834771886559802
ATR_7_MA5,0.7022544306717775
ATR_14_MA5,1.1103268098401622
ATR_21_MA5,0.962192571987898
vol_5_MA5,1.353582554517134
vol_10_MA5,0.7633057851239673
vol_25_MA5,0.9634431455897986
Price_Vol_Ratio_5_MA5,1.874685816876124
Price_Vol_Ratio_10_MA5,0.6994871794871799
Price_Vol_Ratio_25_MA5,0.835753630445669
plus_DI_MA5,0.9837837837837837
minus_DI_MA5,1.075
ADX_MA5,0.9615384615384616
VIX_MA5,1.0019517261505735
VIX_rolling_std_MA5,1.1999999999999982
VIX_1_change_MA5,-0.3571428571428578
VIX_5_change_MA5,-1.1119999999999997
Zscore_5_MA5,0.6250164581961829
Zscore_10_MA5,0.9591559909570464
Zscore_25_MA5,0.9421732886548588
Zscore_50_MA5,0.8877236273904995
RSI_7_MA10,0.8865853658536585
RSI_14_MA10,0.9391304347826086
RSI_21_MA10,0.9710144927536232
MACD_MA10,0.8844086021505376
Signal_Line_MA10,0.9819767441860464
CCI_14_MA10,1.0323110063404326
Williams_%R_14_MA10,4.718897637795277
BB_Upper_MA10,1.002978427833753
BB_Lower_MA10,1.0202727528990725
BB_Mid_MA10,2.0542024013722138
OBV_MA10,0.696309365342759
OBV_ROC5_MA10,0.6937499999999871
OBV_ROC10_MA10,0.24571428571428625
OBV_Z5_MA10,0.561688311688312
OBV_Z10_MA10,0.503971119133574
CMF_20_MA10,1.0069767441860467
ADL_MA10,0.7273037987052958
VROC_5_MA10,-0.11868686868686829
Vol_Spike_10_MA10,1.812736660929432
Vol_Spike_20_MA10,1.7543624161073827
Vol_Spike_40_MA10,1.7931153184165234
Vol_Ratio_10_MA10,-0.3970526315789466
Vol_Ratio_25_MA10,-6.5153153153153145
Vol_Ratio_50_MA10,0.7476892822025566
Vol_Ratio_100_MA10,0.7504932182490752
ATR_7_MA10,0.548836477293949
ATR_14_MA10,0.9940200610402964
ATR_21_MA10,0.9459591270881196
vol_5_MA10,0.9221183800623052
vol_10_MA10,0.6212396694214878
vol_25_MA10,1.0246546227417643
Price_Vol_Ratio_5_MA10,0.9757630161579895
Price_Vol_Ratio_10_MA10,0.5578205128205128
Price_Vol_Ratio_25_MA10,0.8103154732098146
plus_DI_MA10,0.927027027027027
minus_DI_MA10,1.18125
ADX_MA10,0.9115384615384615
VIX_MA10,1.0188495229228145
VIX_rolling_std_MA10,2.125
VIX_1_change_MA10,0.8928571428571414
VIX_5_change_MA10,-2.1
Zscore_5_MA10,0.5653719552337065
Zscore_10_MA10,0.8394875659382063
Zscore_25_MA10,0.826376256582097
Zscore_50_MA10,0.8066625539790252
RSI_7_MA25,0.8282926829268293
RSI_14_MA25,0.9391304347826086
RSI_21_MA25,0.9843478260869566
MACD_MA25,1.021075268817204
Signal_Line_MA25,1.1516279069767443
CCI_14_MA25,0.8847374410664932
Williams_%R_14_MA25,5.451612461485793
BB_Upper_MA25,1.0115947217257273
BB_Lower_MA25,1.0164084789413108
BB_Mid_MA25,2.821955403087479
OBV_MA25,0.7143661415437366
OBV_ROC5_MA25,0.4475000000000041
OBV_ROC10_MA25,0.24114285714285716
OBV_Z5_MA25,0.336883116883117
OBV_Z10_MA25,0.4523826714801446
CMF_20_MA25,1.672093023255814
ADL_MA25,0.7983418511954826
VROC_5_MA25,0.04181818181818179
Vol_Spike_10_MA25,1.748089500860585
Vol_Spike_20_MA25,1.6990604026845637
Vol_Spike_40_MA25,1.7732874354561101
Vol_Ratio_10_MA25,-0.45031578947368417
Vol_Ratio_25_MA25,0.09693693693693704
Vol_Ratio_50_MA25,0.7033824975417897
Vol_Ratio_100_MA25,0.8715659679408138
ATR_7_MA25,0.49648508586206846
ATR_14_MA25,1.009352848371467
ATR_21_MA25,1.1721449897683773
vol_5_MA25,0.8988161993769468
vol_10_MA25,0.654479338842975
vol_25_MA25,1.2943676939426143
Price_Vol_Ratio_5_MA25,1.2650628366247754
Price_Vol_Ratio_10_MA25,0.820076923076923
Price_Vol_Ratio_25_MA25,0.8678818227341011
plus_DI_MA25,0.9556756756756757
minus_DI_MA25,1.315
ADX_MA25,0.9076923076923078
VIX_MA25,1.046779683199863
VIX_rolling_std_MA25,2.56
VIX_1_change_MA25,0.36000000000000126
VIX_5_change_MA25,-1.2703999999999995
Zscore_5_MA25,0.4366030283080974
Zscore_10_MA25,0.6910926902788245
Zscore_25_MA25,0.6373958831977024
Zscore_50_MA25,0.8023689080814314
RSI_7_MA50,0.8697560975609755
RSI_14_MA50,1.0066666666666666
RSI_21_MA50,0.9721739130434782
MACD_MA50,0.8141935483870968
Signal_Line_MA50,0.6762790697674419
CCI_14_MA50,0.8711014469192002
Williams_%R_14_MA50,4.062163642588155
BB_Upper_MA50,1.0202014003581161
BB_Lower_MA50,0.9770506251357991
BB_Mid_MA50,1.3495711835334476
OBV_MA50,0.8278138519463094
OBV_ROC5_MA50,0.5737499999999996
OBV_ROC10_MA50,0.4577142857142866
OBV_Z5_MA50,0.41341372912801494
OBV_Z10_MA50,0.680956678700361
CMF_20_MA50,1.886511627906977
ADL_MA50,0.9546543940500657
VROC_5_MA50,-0.08626262626262618
Vol_Spike_10_MA50,1.74895008605852
Vol_Spike_20_MA50,1.6786241610738257
Vol_Spike_40_MA50,1.7344922547332189
Vol_Ratio_10_MA50,0.5827368421052633
Vol_Ratio_25_MA50,9.175855855855854
Vol_Ratio_50_MA50,0.8227925270403147
Vol_Ratio_100_MA50,0.7003205918618989
ATR_7_MA50,0.43930643334538366
ATR_14_MA50,0.7856879315797153
ATR_21_MA50,0.6664574324053342
vol_5_MA50,0.9410903426791278
vol_10_MA50,0.5925785123966942
vol_25_MA50,0.5581083953241234
Price_Vol_Ratio_5_MA50,1.6435547576301615
Price_Vol_Ratio_10_MA50,0.7087948717948717
Price_Vol_Ratio_25_MA50,0.46601902854281413
plus_DI_MA50,0.9308108108108107
minus_DI_MA50,1.44125
ADX_MA50,0.7815384615384615
VIX_MA50,1.172244516421469
VIX_rolling_std_MA50,2.9349999999999996
VIX_1_change_MA50,0.7057142857142862
VIX_5_change_MA50,-1.9775999999999998
Zscore_5_MA50,0.4317314022383147
Zscore_10_MA50,0.721748304446119
Zscore_25_MA50,0.6057348013403542
Zscore_50_MA50,0.688883405305367
RSI_7_EA5,1.00185772177502
RSI_14_EA5,0.9708949199927304
RSI_21_EA5,0.9946160593475227
MACD_EA5,0.9566024395803642
Signal_Line_EA5,0.9864776014035295
CCI_14_EA5,1.0114040075054989
Williams_%R_14_EA5,2.759368097574776
BB_Upper_EA5,1.0014656486556215
BB_Lower_EA5,1.0100937141688988
BB_Mid_EA5,1.4851768897310356
OBV_EA5,0.9057119677048169
OBV_ROC5_EA5,1.1921863127849983
OBV_ROC10_EA5,0.6406343177888805
OBV_Z5_EA5,0.7715253384229862
OBV_Z10_EA5,0.9887635780397501
CMF_20_EA5,1.0999615230990307
ADL_EA5,0.8900447984437333
VROC_5_EA5,0.35684508653148433
Vol_Spike_10_EA5,1.5085669483452047
Vol_Spike_20_EA5,1.4931670850878331
Vol_Spike_40_EA5,1.5046041322431103
Vol_Ratio_10_EA5,0.20000692107384416
Vol_Ratio_25_EA5,-2.5987052654406595
Vol_Ratio_50_EA5,0.9345941367758572
Vol_Ratio_100_EA5,0.9074589705512452
ATR_7_EA5,0.7547892195741623
ATR_14_EA5,1.0612587745727369
ATR_21_EA5,0.9739074207678732
vol_5_EA5,1.0887404079438523
vol_10_EA5,0.8262693936390281
vol_25_EA5,0.9957243946468827
Price_Vol_Ratio_5_EA5,1.2529634168111936
Price_Vol_Ratio_10_EA5,0.782189513700921
Price_Vol_Ratio_25_EA5,0.8941433331964417
plus_DI_EA5,0.9667562624658536
minus_DI_EA5,1.090798779019581
ADX_EA5,0.9596099041012519
VIX_EA5,1.0074292853764848
VIX_rolling_std_EA5,1.3600110730147932
VIX_1_change_EA5,0.24972901810362716
VIX_5_change_EA5,-0.34971213008642826
Zscore_5_EA5,0.6680331510060837
Zscore_10_EA5,0.9248865297291708
Zscore_25_EA5,0.9190816461019538
Zscore_50_EA5,0.8933085216194603
RSI_7_EA10,0.9383522316432927
RSI_14_EA10,0.9569346211106297
RSI_21_EA10,0.9808140641078905
MACD_EA10,0.9418116603489103
Signal_Line_EA10,1.0095275784292423
CCI_14_EA10,1.001326832204949
Williams_%R_14_EA10,3.8496284231843516
BB_Upper_EA10,1.0033324252990952
BB_Lower_EA10,1.015194082862734
BB_Mid_EA10,1.9119877356066743
OBV_EA10,0.8099297582440877
OBV_ROC5_EA10,0.9408603033389633
OBV_ROC10_EA10,0.4469424848752649
OBV_Z5_EA10,0.6058381955879305
OBV_Z10_EA10,0.763883923370703
CMF_20_EA10,1.1487642334643036
ADL_EA10,0.8175584777063528
VROC_5_EA10,0.14231561762096887
Vol_Spike_10_EA10,1.6639752903829623
Vol_Spike_20_EA10,1.6214306563858893
Vol_Spike_40_EA10,1.6526448192727659
Vol_Ratio_10_EA10,-0.11488045393756126
Vol_Ratio_25_EA10,-3.3546907053937325
Vol_Ratio_50_EA10,0.8366423237285491
Vol_Ratio_100_EA10,0.8462435288789313
ATR_7_EA10,0.6379092505130851
ATR_14_EA10,1.0314340534861888
ATR_21_EA10,0.9934444634378435
vol_5_EA10,1.0111122104246228
vol_10_EA10,0.7138057025117123
vol_25_EA10,1.041415726258258
Price_Vol_Ratio_5_EA10,1.1893071404221343
Price_Vol_Ratio_10_EA10,0.696634011715123
Price_Vol_Ratio_25_EA10,0.8461969538555613
plus_DI_EA10,0.9511377829879961
minus_DI_EA10,1.1534374067718114
ADX_EA10,0.932759810587899
VIX_EA10,1.0211522459071034
VIX_rolling_std_EA10,1.811340790003037
VIX_1_change_EA10,0.2842568630761639
VIX_5_change_EA10,-0.9013271166574868
Zscore_5_EA10,0.5593488954561865
Zscore_10_EA10,0.8514214352883331
Zscore_25_EA10,0.8425092143744337
Zscore_50_EA10,0.8439165366113625
RSI_7_EA25,0.86247652861928
RSI_14_EA25,0.9567143091658039
RSI_21_EA25,0.9748824866102916
MACD_EA25,0.9266489964544183
Signal_Line_EA25,0.9852038284851867
CCI_14_EA25,0.8897229129140978
Williams_%R_14_EA25,4.973502370850606
BB_Upper_EA25,1.011576225896814
BB_Lower_EA25,1.0094395436777794
BB_Mid_EA25,2.0764508942113773
OBV_EA25,0.7453121244435293
OBV_ROC5_EA25,0.6148086179475161
OBV_ROC10_EA25,0.3531809525906892
OBV_Z5_EA25,0.3991709923422268
OBV_Z10_EA25,0.5598822936691451
CMF_20_EA25,1.4762325972219201
ADL_EA25,0.813176477550708
VROC_5_EA25,-0.009661221825859082
Vol_Spike_10_EA25,1.7493557565155435
Vol_Spike_20_EA25,1.7002758969606786
Vol_Spike_40_EA25,1.7517816052906356
Vol_Ratio_10_EA25,-0.12665074877356633
Vol_Ratio_25_EA25,0.18814786183321974
Vol_Ratio_50_EA25,0.7688015112531068
Vol_Ratio_100_EA25,0.80127145893189
ATR_7_EA25,0.5142994802656266
ATR_14_EA25,0.9453669774276393
ATR_21_EA25,0.9901542404258108
vol_5_EA25,0.8812682641309616
vol_10_EA25,0.6137539348141544
vol_25_EA25,1.020819031534751
Price_Vol_Ratio_5_EA25,1.2130474806444749
Price_Vol_Ratio_10_EA25,0.6992057718456695
Price_Vol_Ratio_25_EA25,0.7626111476645985
plus_DI_EA25,0.9404697662530241
minus_DI_EA25,1.2844602411843438
ADX_EA25,0.8903734800797031
VIX_EA25,1.071165642218891
VIX_rolling_std_EA25,2.4040517447631995
VIX_1_change_EA25,0.2997281054149845
VIX_5_change_EA25,-0.9382845164623822
Zscore_5_EA25,0.4313652073109536
Zscore_10_EA25,0.7114003462949422
Zscore_25_EA25,0.6937448484014345
Zscore_50_EA25,0.776210377763445
RSI_7_EA50,0.8142393716352928
RSI_14_EA50,0.931779457387315
RSI_21_EA50,0.9338395256300983
MACD_EA50,0.6857032513116808
Signal_Line_EA50,0.6827533875680124
CCI_14_EA50,0.712553102152919
Williams_%R_14_EA50,6.5928803972167245
BB_Upper_EA50,1.0256924207526992
BB_Lower_EA50,1.0017479135347211
BB_Mid_EA50,1.452542817836514
OBV_EA50,0.6145844463728819
OBV_ROC5_EA50,0.4726495776659696
OBV_ROC10_EA50,0.32067883396415187
OBV_Z5_EA50,0.31382652411693446
OBV_Z10_EA50,0.4858605688242898
CMF_20_EA50,1.5350447189070477
ADL_EA50,0.775503559974724
VROC_5_EA50,-0.10731118084366939
Vol_Spike_10_EA50,1.7891380416931058
Vol_Spike_20_EA50,1.7724965030790725
Vol_Spike_40_EA50,1.836096924610351
Vol_Ratio_10_EA50,0.09953663930392119
Vol_Ratio_25_EA50,3.3031727133157136
Vol_Ratio_50_EA50,0.6556460373777758
Vol_Ratio_100_EA50,0.6044352356231764
ATR_7_EA50,0.3514982036405502
ATR_14_EA50,0.6325135699942749
ATR_21_EA50,0.6182984312667166
vol_5_EA50,0.5985370526479512
vol_10_EA50,0.39777198085850274
vol_25_EA50,0.578344294247897
Price_Vol_Ratio_5_EA50,1.0753408931528863
Price_Vol_Ratio_10_EA50,0.5641032077385272
Price_Vol_Ratio_25_EA50,0.5097271817844791
plus_DI_EA50,0.8832057268601282
minus_DI_EA50,1.4181137819227267
ADX_EA50,0.8820995208587347
VIX_EA50,1.1486086272840197
VIX_rolling_std_EA50,3.0064496620000956
VIX_1_change_EA50,0.24490953541366145
VIX_5_change_EA50,-0.7412374918525447
Zscore_5_EA50,0.34162941016198056
Zscore_10_EA50,0.5771885691589848
Zscore_25_EA50,0.514287411668826
Zscore_50_EA50,0.5759786013003038
Close_slope10,0.00545
RSI_7_slope10,0.14805
RSI_14_slope10,0.0186
RSI_21_slope10,0.02088
MACD_slope10,0.03396
Signal_Line_slope10,-0.00392
CCI_14_slope10,-0.28192
Williams_%R_14_slope10,-0.06578
OBV_slope10,0.92369
OBV_ROC5_slope10,-0.19903
OBV_ROC10_slope10,-0.51394
OBV_Z5_slope10,-0.11147
OBV_Z10_slope10,-0.14986
CMF_20_slope10,7.3697
ADL_slope10,0.21964
VROC_5_slope10,-0.08923
Vol_Spike_10_slope10,-0.03769
Vol_Spike_20_slope10,-0.03196
Vol_Spike_40_slope10,-0.0357
Vol_Ratio_10_slope10,-0.18857
Vol_Ratio_25_slope10,-0.12809
Vol_Ratio_50_slope10,0.14492
Vol_Ratio_100_slope10,0.27515
ATR_7_slope10,0.11814
ATR_14_slope10,0.03758
ATR_21_slope10,0.00629
plus_DI_slope10,0.02727
minus_DI_slope10,-0.02904
ADX_slope10,0.01924
VIX_slope10,-0.00846
VIX_rolling_std_slope10,-0.12348
VIX_1_change_slope10,1.18939
VIX_5_change_slope10,0.08526
Zscore_5_slope10,-0.1099
Zscore_10_slope10,-0.09473
Zscore_25_slope10,0.33982
Zscore_50_slope10,0.0641
Price_Vol_Ratio_5_slope10,-0.90049
Price_Vol_Ratio_10_slope10,0.08018
Price_Vol_Ratio_25_slope10,0.01233
Close_slope25,0.00247
RSI_7_slope25,0.01435
RSI_14_slope25,-0.00017
RSI_21_slope25,-0.00463
MACD_slope25,-0.01297
Signal_Line_slope25,-0.01468
CCI_14_slope25,0.0164
Williams_%R_14_slope25,-0.01569
OBV_slope25,0.00048
OBV_ROC5_slope25,0.05872
OBV_ROC10_slope25,0.03093
OBV_Z5_slope25,0.01288
OBV_Z10_slope25,0.03563
CMF_20_slope25,-0.05606
ADL_slope25,-0.01134
VROC_5_slope25,-0.01721
Vol_Spike_10_slope25,7e-05
Vol_Spike_20_slope25,-0.00319
Vol_Spike_40_slope25,-0.00462
Vol_Ratio_10_slope25,-0.06219
Vol_Ratio_25_slope25,-0.06342
Vol_Ratio_50_slope25,0.01029
Vol_Ratio_100_slope25,-0.01219
ATR_7_slope25,0.029
ATR_14_slope25,-0.0028
ATR_21_slope25,-0.01912
plus_DI_slope25,-0.00465
minus_DI_slope25,-0.01415
ADX_slope25,0.00087
VIX_slope25,-0.00143
VIX_rolling_std_slope25,-0.02374
VIX_1_change_slope25,-0.01242
VIX_5_change_slope25,-0.03265
Zscore_5_slope25,0.00066
Zscore_10_slope25,0.02578
Zscore_25_slope25,0.04177
Zscore_50_slope25,-0.00123
Price_Vol_Ratio_5_slope25,-0.17508
Price_Vol_Ratio_10_slope25,-0.02411
Price_Vol_Ratio_25_slope25,-0.0093
Close_slope50,0.00359
RSI_7_slope50,-0.00395
RSI_14_slope50,-0.00345
RSI_21_slope50,0.00547
MACD_slope50,-0.01986
Signal_Line_slope50,-0.02837
CCI_14_slope50,-0.00068
Williams_%R_14_slope50,0.01231
OBV_slope50,-0.04193
OBV_ROC5_slope50,0.01553
OBV_ROC10_slope50,-0.0136
OBV_Z5_slope50,-0.00718
OBV_Z10_slope50,-0.02094
CMF_20_slope50,0.00432
ADL_slope50,0.02506
VROC_5_slope50,-0.00178
Vol_Spike_10_slope50,0.00137
Vol_Spike_20_slope50,0.00263
Vol_Spike_40_slope50,0.00205
Vol_Ratio_10_slope50,-0.03316
Vol_Ratio_25_slope50,-0.03744
Vol_Ratio_50_slope50,-0.00441
Vol_Ratio_100_slope50,-0.05347
ATR_7_slope50,0.05631
ATR_14_slope50,-0.01334
ATR_21_slope50,-0.02593
plus_DI_slope50,0.00954
minus_DI_slope50,-0.00743
ADX_slope50,0.00466
VIX_slope50,-0.00605
VIX_rolling_std_slope50,-0.0091
VIX_1_change_slope50,-0.00937
VIX_5_change_slope50,-0.09114
Zscore_5_slope50,-0.00494
Zscore_10_slope50,-0.0144
Zscore_25_slope50,-0.05755
Zscore_50_slope50,-0.02803
Price_Vol_Ratio_5_slope50,0.02144
Price_Vol_Ratio_10_slope50,-0.00958
Price_Vol_Ratio_25_slope50,-0.04985
Daily Return,0.009840201580021635
Intraday Change,0.007267109411901911
Intraday Volatility,0.010191744448655348
Typical Price,555.5333251953125
Median Volume,44947400.0
Median Close,520.7801208496094
Liquidity Score,0.6275814240767034
Regime,0.64
Regime_Category,0
Return_5,0
Return_10,0
Return_20,
Return_30,
Return_45,
Return_60,
Return_90,
