,r,pair,rank_score,weighted_precision,total_count,pos_count_ts,neg_count_ts,pos_acc_ts,neg_acc_ts,ks_ts,bal_accuracy,f1_ts,accuracy_ts,best_n_estimators,indicator_1,indicator_2
0,5,QQQ_EMA_50 + 100_SMA_200,0.4103567837599965,0.6494464944649446,271,171,100,0.6608187134502924,0.63,0.34628099173553717,0.6454093567251462,0.7040498442367601,0.6494464944649446,86,QQQ_EMA_50,100_SMA_200
1,5,50_SMA_200 + 25_SMA_50,0.39780087217874616,0.6784140969162996,227,139,88,0.7194244604316546,0.6136363636363636,0.3484191943508265,0.6665304120340092,0.7326007326007327,0.6784140969162996,78,50_SMA_200,25_SMA_50
2,5,num_days_100 + Median Volume,0.3898003245424223,0.6339622641509434,265,149,116,0.6510067114093959,0.6120689655172413,0.3005839917554105,0.6315378384633186,0.6666666666666667,0.6339622641509434,58,num_days_100,Median Volume
3,5,Rel_Max_60 + 100_SMA_200,0.38833774476953253,0.6329588014981273,267,149,118,0.6711409395973155,0.5847457627118644,0.301501535661472,0.62794335115459,0.6711409395973155,0.6329588014981273,72,Rel_Max_60,100_SMA_200
4,5,100_ESMA_200 + 25_ESMA_50,0.38307268672732764,0.6697674418604651,215,126,89,0.6904761904761905,0.6404494382022472,0.3248424369747899,0.6654628143392188,0.7102040816326531,0.6697674418604651,27,100_ESMA_200,25_ESMA_50
5,5,100_SMA_200 + QQQ_SMA_100_r5,0.37916995990788765,0.645021645021645,231,131,100,0.6870229007633588,0.59,0.35442748091603055,0.6385114503816793,0.6870229007633588,0.645021645021645,62,100_SMA_200,QQQ_SMA_100_r5
6,5,50_SMA_200 + ADL,0.3787586558920921,0.6201716738197425,466,398,68,0.6306532663316583,0.5588235294117647,0.14169471963066269,0.5947383978717116,0.7393225331369662,0.6201716738197425,25,50_SMA_200,ADL
7,5,QQQ_EMA_200 + ADL,0.37796502509535235,0.6244541484716157,458,448,10,0.6160714285714286,1.0,0.06131549609810479,0.8080357142857143,0.7624309392265194,0.6244541484716157,9,QQQ_EMA_200,ADL
8,5,Rel_Max_30 + 100_SMA_200,0.37628651129322105,0.6649214659685864,191,113,78,0.6548672566371682,0.6794871794871795,0.3980017566974089,0.6671772180621738,0.6981132075471699,0.6649214659685864,30,Rel_Max_30,100_SMA_200
9,5,num_days_50 + 100_SMA_200,0.3745181701801989,0.6501901140684411,263,130,133,0.7153846153846154,0.5864661654135338,0.3336662749706228,0.6509253903990746,0.6690647482014389,0.6501901140684411,70,num_days_50,100_SMA_200
10,5,50_EMA_200 + MACD,0.37021293248047393,0.6199261992619927,271,140,131,0.6785714285714286,0.5572519083969466,0.3150548354935194,0.6179116684841877,0.6484641638225256,0.6199261992619927,32,50_EMA_200,MACD
11,5,50_EMA_200 + ADL,0.3634514325168527,0.6255144032921811,243,155,88,0.6193548387096774,0.6363636363636364,0.2595108695652174,0.627859237536657,0.6784452296819788,0.6255144032921811,12,50_EMA_200,ADL
12,5,QQQ_SMA_200_r5 + ADL,0.36130030490918125,0.61,500,486,14,0.6049382716049383,0.7857142857142857,0.04738684049028877,0.6953262786596119,0.7509578544061302,0.61,10,QQQ_SMA_200_r5,ADL
13,5,100_SMA_200 + 10_EMA_50,0.3608709606945903,0.5984251968503937,254,160,94,0.63125,0.5425531914893617,0.29419191919191917,0.5869015957446808,0.6644736842105262,0.5984251968503937,58,100_SMA_200,10_EMA_50
14,5,50_ESMA_100 + RSI_21,0.36055611189488235,0.6513761467889908,218,134,84,0.7313432835820896,0.5238095238095238,0.2634057971014493,0.6275764036958067,0.7205882352941175,0.6513761467889908,59,50_ESMA_100,RSI_21
15,5,Rel_Min_60 + 25_EMA_100,0.35917843636009533,0.6649214659685864,191,117,74,0.7008547008547008,0.6081081081081081,0.3207207207207207,0.6544814044814045,0.7192982456140351,0.6649214659685864,53,Rel_Min_60,25_EMA_100
16,5,10_ESMA_200 + Vol_Ratio_25,0.3591359009561103,0.6147540983606558,244,147,97,0.673469387755102,0.5257731958762887,0.2089864158829676,0.5996212918156953,0.678082191780822,0.6147540983606558,44,10_ESMA_200,Vol_Ratio_25
17,5,QQQ_SMA_50 + Median Volume,0.35878192108887974,0.6193771626297578,289,199,90,0.6381909547738693,0.5777777777777777,0.19105571847507333,0.6079843662758235,0.6978021978021978,0.6193771626297578,88,QQQ_SMA_50,Median Volume
18,5,QQQ_SMA_200 + ADL,0.35696020119144184,0.608,500,481,19,0.604989604989605,0.6842105263157895,0.14773349256107876,0.6446000656526972,0.7480719794344473,0.608,8,QQQ_SMA_200,ADL
19,5,10_ESMA_200 + Williams_%R_14,0.3557687318395433,0.6240310077519381,258,167,91,0.6826347305389222,0.5164835164835165,0.21620253164556963,0.5995591235112194,0.7015384615384616,0.624031007751938,55,10_ESMA_200,Williams_%R_14
20,10,Max_120_Rows_Since + Median Volume,0.49328893287796755,0.6607142857142857,392,257,135,0.7509727626459144,0.4888888888888889,0.3368761009982384,0.6199308257674017,0.7437379576107899,0.6607142857142857,63,Max_120_Rows_Since,Median Volume
21,10,50_EMA_200 + Signal_Line,0.48754191212628895,0.6686046511627907,344,214,130,0.7336448598130841,0.5615384615384615,0.3728971962616822,0.6475916606757728,0.7336448598130842,0.6686046511627907,63,50_EMA_200,Signal_Line
22,10,num_days_100 + Median Volume,0.4673444386369619,0.6722222222222223,360,198,162,0.7878787878787878,0.5308641975308642,0.35964439655172414,0.659371492704826,0.7255813953488373,0.6722222222222223,85,num_days_100,Median Volume
23,10,25_ESMA_50 + Median Volume,0.45418400127426306,0.6637426900584795,342,225,117,0.7244444444444444,0.5470085470085471,0.2757936507936508,0.6357264957264958,0.7392290249433106,0.6637426900584795,102,25_ESMA_50,Median Volume
24,10,QQQ_SMA_100 + Median Volume,0.451834933614786,0.6448863636363636,352,205,147,0.7365853658536585,0.5170068027210885,0.31614691614691615,0.6267960842873734,0.7072599531615925,0.6448863636363636,66,QQQ_SMA_100,Median Volume
25,10,25_SMA_50 + Median Volume,0.4512879959395912,0.6256830601092896,366,223,143,0.7309417040358744,0.46153846153846156,0.2771825396825397,0.596240082787168,0.7041036717062634,0.6256830601092896,66,25_SMA_50,Median Volume
26,10,50_ESMA_100 + Vol_Ratio_100_MA25,0.44473895893747073,0.6912280701754386,285,171,114,0.7953216374269005,0.5350877192982456,0.3814484126984127,0.6652046783625731,0.7555555555555554,0.6912280701754386,85,50_ESMA_100,Vol_Ratio_100_MA25
27,10,Median Volume + Regime_Category,0.44062148062787815,0.6655737704918033,305,178,127,0.7415730337078652,0.5590551181102362,0.3777050372795054,0.6503140759090507,0.7213114754098361,0.6655737704918033,54,Median Volume,Regime_Category
28,10,Price_Vol_Ratio_5 + Median Volume,0.4397020084691967,0.6556291390728477,302,190,112,0.7368421052631579,0.5178571428571429,0.32646048109965636,0.6273496240601504,0.7291666666666666,0.6556291390728477,66,Price_Vol_Ratio_5,Median Volume
29,10,QQQ_SMA_100_r5 + Median Volume,0.43864971258412105,0.6480446927374302,358,191,167,0.7696335078534031,0.5089820359281437,0.3182018211976575,0.6393077718907734,0.7000000000000001,0.6480446927374302,44,QQQ_SMA_100_r5,Median Volume
30,10,QQQ_EMA_50 + Median Volume,0.43216595640368866,0.630057803468208,346,202,144,0.7425742574257426,0.4722222222222222,0.2827433628318584,0.6073982398239823,0.7009345794392523,0.630057803468208,108,QQQ_EMA_50,Median Volume
31,10,10_EMA_50 + Median Volume,0.4298647452482849,0.6211340206185567,388,203,185,0.7881773399014779,0.43783783783783786,0.26307429130009774,0.6130075888696579,0.6852248394004283,0.6211340206185567,85,10_EMA_50,Median Volume
32,10,Price_Vol_Ratio_25 + Median Volume,0.42203118402937667,0.649546827794562,331,177,154,0.7853107344632768,0.4935064935064935,0.3269868218934433,0.6394086139848851,0.7055837563451776,0.649546827794562,60,Price_Vol_Ratio_25,Median Volume
33,10,Rel_Max_30 + Median Volume,0.421552591239646,0.6197183098591549,355,202,153,0.7475247524752475,0.45098039215686275,0.25159574468085105,0.5992525723160551,0.6910755148741418,0.6197183098591549,84,Rel_Max_30,Median Volume
34,10,100_EMA_200 + MACD,0.416547905771592,0.635483870967742,310,210,100,0.6952380952380952,0.51,0.36789297658862874,0.6026190476190476,0.7209876543209875,0.635483870967742,82,100_EMA_200,MACD
35,10,100_EMA_200 + Signal_Line,0.41343660006197014,0.6829268292682927,287,147,140,0.8707482993197279,0.4857142857142857,0.42160919540229885,0.6782312925170068,0.7377521613832853,0.6829268292682927,57,100_EMA_200,Signal_Line
36,10,Vol_Ratio_50 + ATR_21_MA50,0.40576585383382385,0.6381578947368421,304,173,131,0.7341040462427746,0.5114503816793893,0.2961126812769309,0.6227772139610819,0.6978021978021979,0.6381578947368421,84,Vol_Ratio_50,ATR_21_MA50
37,10,ATR_14 + Price_Vol_Ratio_10,0.4022171887530591,0.6112600536193029,373,260,113,0.6730769230769231,0.4690265486725664,0.15772432932469935,0.5710517358747448,0.7070707070707072,0.6112600536193029,25,ATR_14,Price_Vol_Ratio_10
38,10,Zscore_50 + Median Volume,0.4021704112318174,0.6411149825783972,287,186,101,0.7258064516129032,0.48514851485148514,0.27754010695187165,0.6054774832321942,0.7238605898123325,0.6411149825783972,57,Zscore_50,Median Volume
39,10,10_ESMA_200 + plus_DI,0.40020977986469203,0.6498054474708171,257,161,96,0.7267080745341615,0.5208333333333334,0.30655266936431275,0.6237707039337475,0.7222222222222222,0.6498054474708171,84,10_ESMA_200,plus_DI
40,20,num_days_100 + Vol_Ratio_50,0.5151817272219137,0.7222222222222222,342,223,119,0.820627802690583,0.5378151260504201,0.39455397543632836,0.6792214643705016,0.7939262472885034,0.7222222222222222,85,num_days_100,Vol_Ratio_50
41,20,50_ESMA_100 + RSI_14,0.4995934624639548,0.7560137457044673,291,185,106,0.8972972972972973,0.5094339622641509,0.5104939047379665,0.7033656297807241,0.8238213399503722,0.7560137457044673,132,50_ESMA_100,RSI_14
42,20,50_ESMA_200 + Signal_Line,0.4948060303065566,0.6820652173913043,368,252,116,0.7658730158730159,0.5,0.38785030816903326,0.6329365079365079,0.7673956262425446,0.6820652173913043,23,50_ESMA_200,Signal_Line
43,20,10_SMA_200 + Vol_Ratio_25,0.4799262650014372,0.7465277777777778,288,173,115,0.8670520231213873,0.5652173913043478,0.5013636363636363,0.7161347072128675,0.804289544235925,0.7465277777777778,45,10_SMA_200,Vol_Ratio_25
44,20,25_SMA_200 + RSI_21,0.47409319518240695,0.6822157434402333,343,210,133,0.7857142857142857,0.518796992481203,0.3868459358001992,0.6522556390977443,0.7517084282460136,0.6822157434402333,98,25_SMA_200,RSI_21
45,20,100_ESMA_200 + Signal_Line,0.4568523634890812,0.7104477611940299,335,240,95,0.7916666666666666,0.5052631578947369,0.31120296219753724,0.6484649122807018,0.7966457023060798,0.7104477611940299,22,100_ESMA_200,Signal_Line
46,20,25_SMA_200 + Vol_Ratio_25,0.4470560159429318,0.7022058823529411,272,179,93,0.7653631284916201,0.5806451612903226,0.3465909090909091,0.6730041448909714,0.771830985915493,0.7022058823529411,48,25_SMA_200,Vol_Ratio_25
47,20,50_ESMA_100 + Vol_Ratio_100_MA25,0.44674142854781496,0.7121771217712177,271,175,96,0.8628571428571429,0.4375,0.4199556541019956,0.6501785714285715,0.7947368421052632,0.7121771217712177,110,50_ESMA_100,Vol_Ratio_100_MA25
48,20,Rel_Max_10 + 10_SMA_200,0.4457968188381834,0.6900958466453674,313,183,130,0.8032786885245902,0.5307692307692308,0.3882783882783883,0.6670239596469105,0.751918158567775,0.6900958466453674,42,Rel_Max_10,10_SMA_200
49,20,25_SMA_100 + Zscore_25,0.44462322699690404,0.7410358565737052,251,174,77,0.8563218390804598,0.4805194805194805,0.49377026796381634,0.6684206597999701,0.8209366391184574,0.7410358565737052,64,25_SMA_100,Zscore_25
50,20,Rel_Max_10 + 10_ESMA_200,0.4434367051257363,0.6903225806451613,310,179,131,0.8100558659217877,0.5267175572519084,0.4087050325969701,0.668386711586848,0.7512953367875648,0.6903225806451613,44,Rel_Max_10,10_ESMA_200
51,20,25_SMA_200 + Zscore_50,0.4426899916794037,0.7,290,174,116,0.7701149425287356,0.5948275862068966,0.3844087384053931,0.6824712643678161,0.7549295774647887,0.7,45,25_SMA_200,Zscore_50
52,20,50_EMA_200 + MACD,0.4424704877098466,0.6084905660377359,424,221,203,0.7828054298642534,0.4187192118226601,0.3669482985815053,0.6007623208434567,0.67578125,0.6084905660377359,40,50_EMA_200,MACD
53,20,25_ESMA_200 + RSI_21,0.44172728715310494,0.7097902097902098,286,162,124,0.8024691358024691,0.5887096774193549,0.46871875822152065,0.6955894066109121,0.7580174927113702,0.7097902097902098,43,25_ESMA_200,RSI_21
54,20,25_ESMA_200 + Zscore_50,0.4386568009905061,0.6957928802588996,309,169,140,0.8165680473372781,0.55,0.4426478717523494,0.683284023668639,0.7459459459459459,0.6957928802588996,38,25_ESMA_200,Zscore_50
55,20,10_ESMA_200 + Vol_Ratio_25,0.43766743522690327,0.7157534246575342,292,159,133,0.8553459119496856,0.5488721804511278,0.45982142857142855,0.7021090462004067,0.7661971830985915,0.7157534246575342,47,10_ESMA_200,Vol_Ratio_25
56,20,100_ESMA_200 + MACD,0.43651536215029096,0.6644736842105263,304,197,107,0.7868020304568528,0.4392523364485981,0.342356937548994,0.6130271834527254,0.7524271844660194,0.6644736842105263,9,100_ESMA_200,MACD
57,20,10_SMA_100 + Vol_Ratio_100_MA25,0.43471199782030023,0.6730769230769231,312,182,130,0.7802197802197802,0.5230769230769231,0.38507625272331153,0.6516483516483517,0.7357512953367875,0.6730769230769231,88,10_SMA_100,Vol_Ratio_100_MA25
58,20,10_SMA_200 + Zscore_25,0.43307428449637464,0.6646884272997032,337,183,154,0.7814207650273224,0.525974025974026,0.3936333027242118,0.6536973955006742,0.7167919799498746,0.6646884272997032,42,10_SMA_200,Zscore_25
59,20,10_SMA_200 + DownVolume,0.43303802957194787,0.7087719298245614,285,162,123,0.8148148148148148,0.5691056910569106,0.4135135135135135,0.6919602529358626,0.7608069164265131,0.7087719298245614,30,10_SMA_200,DownVolume
60,30,50_ESMA_200 + Signal_Line,0.48854482052369125,0.6820276497695853,434,326,108,0.7607361963190185,0.4444444444444444,0.2875180375180375,0.6025903203817314,0.7823343848580442,0.6820276497695853,48,50_ESMA_200,Signal_Line
61,30,100_ESMA_200 + Signal_Line,0.4681411761410008,0.6931506849315069,365,271,94,0.7749077490774908,0.4574468085106383,0.38376805187150015,0.6161772787940646,0.7894736842105263,0.6931506849315069,48,100_ESMA_200,Signal_Line
62,30,num_days_200 + 50_ESMA_100,0.4306201428162861,0.7338709677419355,248,152,96,0.9078947368421053,0.4583333333333333,0.4901996370235935,0.6831140350877193,0.8070175438596492,0.7338709677419355,24,num_days_200,50_ESMA_100
63,30,ADX_MA10 + BB_Upper_EA50,0.4212369740590887,0.6942446043165468,278,192,86,0.8125,0.43023255813953487,0.3070497828265954,0.6213662790697674,0.7858942065491183,0.6942446043165468,120,ADX_MA10,BB_Upper_EA50
64,30,100_ESMA_200 + MACD,0.4167427166011771,0.673992673992674,273,176,97,0.7954545454545454,0.4536082474226804,0.38484455958549224,0.6245313964386129,0.7588075880758809,0.673992673992674,16,100_ESMA_200,MACD
65,30,25_SMA_200 + BB_Upper_EA25,0.4058247927396916,0.66996699669967,303,169,134,0.7869822485207101,0.5223880597014925,0.3695048367014654,0.6546851541111013,0.7267759562841529,0.66996699669967,44,25_SMA_200,BB_Upper_EA25
66,30,QQQ_SMA_100 + Median Volume,0.4051418240167172,0.6807692307692308,260,162,98,0.7839506172839507,0.5102040816326531,0.37546218487394956,0.6470773494583019,0.7537091988130563,0.6807692307692308,28,QQQ_SMA_100,Median Volume
67,30,QQQ_SMA_100 + RSI_21_EA50,0.402684752305387,0.691699604743083,253,163,90,0.8282208588957055,0.4444444444444444,0.33569157392686805,0.6363326516700749,0.7758620689655172,0.691699604743083,63,QQQ_SMA_100,RSI_21_EA50
68,30,10_ESMA_50 + ATR_7_EA50,0.401449634651624,0.638095238095238,315,195,120,0.7743589743589744,0.4166666666666667,0.2778954462308655,0.5955128205128205,0.7259615384615383,0.638095238095238,40,10_ESMA_50,ATR_7_EA50
69,30,num_days_200 + 25_SMA_100,0.40007286450412133,0.65,300,167,133,0.8263473053892215,0.42857142857142855,0.44403390567267986,0.627459366980325,0.7244094488188976,0.65,25,num_days_200,25_SMA_100
70,30,10_EMA_100 + DownVolume,0.39610015487862954,0.7072072072072072,222,142,80,0.8380281690140845,0.475,0.399551980450056,0.6565140845070423,0.7854785478547855,0.7072072072072072,50,10_EMA_100,DownVolume
71,30,10_SMA_50 + DownVolume,0.39490174580296933,0.6335403726708074,322,200,122,0.775,0.4016393442622951,0.21817842478536767,0.5883196721311476,0.7242990654205607,0.6335403726708074,63,10_SMA_50,DownVolume
72,30,10_SMA_50 + Median Volume,0.3947724760203437,0.6358381502890174,346,182,164,0.8406593406593407,0.40853658536585363,0.3125833333333333,0.6245979630125972,0.7083333333333334,0.6358381502890174,59,10_SMA_50,Median Volume
73,30,25_SMA_100 + BB_Upper_MA25,0.3938672557339947,0.7935483870967742,155,111,44,0.8648648648648649,0.6136363636363636,0.49241466498103664,0.7392506142506143,0.8571428571428571,0.7935483870967742,24,25_SMA_100,BB_Upper_MA25
74,30,50_EMA_200 + MACD,0.3922239985759517,0.6782006920415224,289,155,134,0.8129032258064516,0.5223880597014925,0.3702286018075492,0.6676456427539721,0.7304347826086957,0.6782006920415224,15,50_EMA_200,MACD
75,30,10_ESMA_50 + QQQ_EMA_10_r5,0.39194190436934606,0.8148148148148148,108,73,35,0.863013698630137,0.7142857142857143,0.5772994129158513,0.7886497064579256,0.863013698630137,0.8148148148148148,10,10_ESMA_50,QQQ_EMA_10_r5
76,30,100_ESMA_200 + Vol_Ratio_50,0.3901727996545813,0.7239583333333334,192,124,68,0.7741935483870968,0.6323529411764706,0.3990222325689675,0.7032732447817837,0.7836734693877551,0.7239583333333334,7,100_ESMA_200,Vol_Ratio_50
77,30,QQQ_EMA_50_r5 + Vol_Ratio_25_MA50,0.3890271979544409,0.7530120481927711,166,107,59,0.8598130841121495,0.559322033898305,0.4841101694915254,0.7095675590052273,0.8177777777777778,0.7530120481927711,43,QQQ_EMA_50_r5,Vol_Ratio_25_MA50
78,30,10_EMA_50 + ATR_14_MA50,0.385256844379698,0.6585365853658537,287,165,122,0.8303030303030303,0.4262295081967213,0.3214975845410628,0.6282662692498758,0.7365591397849462,0.6585365853658537,77,10_EMA_50,ATR_14_MA50
79,30,25_ESMA_100 + Vol_Spike_40_MA50,0.38249276776474106,0.7670454545454546,176,128,48,0.859375,0.5208333333333334,0.4338171008917643,0.6901041666666667,0.8429118773946361,0.7670454545454546,47,25_ESMA_100,Vol_Spike_40_MA50
80,45,num_days_200 + 50_ESMA_100,0.499799867536589,0.8201754385964912,228,160,68,0.8875,0.6617647058823529,0.5748917748917749,0.7746323529411765,0.8738461538461538,0.8201754385964912,22,num_days_200,50_ESMA_100
81,45,Min_60_Rows_Since + ATR_21,0.4891925632006504,0.6469194312796208,422,313,109,0.7188498402555911,0.44036697247706424,0.3381838749485808,0.5796084063663276,0.7512520868113524,0.6469194312796208,12,Min_60_Rows_Since,ATR_21
82,45,num_days_200 + 25_ESMA_100,0.48326617466679633,0.7948717948717948,234,170,64,0.8529411764705882,0.640625,0.5579004329004329,0.7467830882352942,0.8579881656804734,0.7948717948717948,29,num_days_200,25_ESMA_100
83,45,vol_10 + Price_Vol_Ratio_10_MA50,0.47679381318092984,0.6756756756756757,370,258,112,0.7635658914728682,0.4732142857142857,0.2582236842105263,0.6183900885935769,0.7665369649805448,0.6756756756756757,21,vol_10,Price_Vol_Ratio_10_MA50
84,45,Rel_Max_120 + ATR_21,0.473502286817736,0.6611374407582938,422,320,102,0.71875,0.4803921568627451,0.19589699265322724,0.5995710784313726,0.7628524046434495,0.6611374407582938,12,Rel_Max_120,ATR_21
85,45,ATR_14 + ATR_14_EA50,0.4650401706837953,0.6602870813397129,418,318,100,0.7169811320754716,0.48,0.16925465838509315,0.5984905660377358,0.7625418060200667,0.6602870813397129,13,ATR_14,ATR_14_EA50
86,45,Max_60_Rows_Since + ATR_21,0.4635197501694798,0.6252983293556086,419,296,123,0.7094594594594594,0.42276422764227645,0.15686729588942183,0.566111843550868,0.7279029462738302,0.6252983293556086,13,Max_60_Rows_Since,ATR_21
87,45,ATR_21 + Regime,0.45895307688688614,0.6319612590799032,413,300,113,0.7066666666666667,0.4336283185840708,0.1782502909129377,0.5701474926253687,0.736111111111111,0.6319612590799032,9,ATR_21,Regime
88,45,ATR_7 + ATR_14_MA50,0.45627000059907297,0.6578313253012048,415,318,97,0.7295597484276729,0.422680412371134,0.21902340332458442,0.5761200803994034,0.7656765676567656,0.6578313253012048,24,ATR_7,ATR_14_MA50
89,45,ATR_7 + ATR_14_EA50,0.4535954724682482,0.6437054631828979,421,316,105,0.7246835443037974,0.4,0.18989593288733142,0.5623417721518987,0.7532894736842105,0.6437054631828979,24,ATR_7,ATR_14_EA50
90,45,BB_Upper + ATR_21,0.45304958782438215,0.6416040100250626,399,294,105,0.7040816326530612,0.4666666666666667,0.17043167076716617,0.5853741496598639,0.7432675044883303,0.6416040100250626,9,BB_Upper,ATR_21
91,45,ATR_21 + Price_Vol_Ratio_5,0.45283334000795966,0.6253101736972705,403,290,113,0.7,0.4336283185840708,0.18305243445692884,0.5668141592920354,0.7289048473967683,0.6253101736972705,9,ATR_21,Price_Vol_Ratio_5
92,45,RSI_21 + ATR_7,0.4523521856654849,0.6478149100257069,389,253,136,0.7628458498023716,0.4338235294117647,0.260192966075319,0.5983346896070681,0.7380497131931166,0.6478149100257069,17,RSI_21,ATR_7
93,45,ATR_7 + ATR_14_EA25,0.4517380160299384,0.6390977443609023,399,294,105,0.7108843537414966,0.4380952380952381,0.2003531958527971,0.5744897959183674,0.7437722419928824,0.6390977443609023,17,ATR_7,ATR_14_EA25
94,45,num_days_200 + 10_ESMA_100,0.4506795389157189,0.7015503875968992,258,176,82,0.7727272727272727,0.5487804878048781,0.5528731723903434,0.6607538802660754,0.7793696275071634,0.7015503875968992,28,num_days_200,10_ESMA_100
95,45,ATR_21 + Intraday Volatility,0.4476183323227079,0.6108374384236454,406,285,121,0.6982456140350877,0.4049586776859504,0.1942052753860872,0.551602145860519,0.7158273381294964,0.6108374384236454,5,ATR_21,Intraday Volatility
96,45,Min_60_Rows_Since + ATR_14,0.4474907174642153,0.6386138613861386,404,299,105,0.7090301003344481,0.4380952380952381,0.16236162361623616,0.5735626692148431,0.7438596491228069,0.6386138613861386,10,Min_60_Rows_Since,ATR_14
97,45,vol_10 + Price_Vol_Ratio_10_EA50,0.4362064421023927,0.6398891966759003,361,245,116,0.746938775510204,0.41379310344827586,0.25501629844259327,0.58036593947924,0.7379032258064517,0.6398891966759003,16,vol_10,Price_Vol_Ratio_10_EA50
98,45,num_days_200 + 25_SMA_100,0.4327343093912258,0.7269076305220884,249,176,73,0.8522727272727273,0.4246575342465753,0.40652412280701755,0.6384651307596513,0.8152173913043479,0.7269076305220884,29,num_days_200,25_SMA_100
99,45,10_SMA_50 + DownVolume,0.431248592344202,0.6401098901098901,364,260,104,0.7269230769230769,0.4230769230769231,0.1503404924044002,0.575,0.7426326129666011,0.6401098901098901,47,10_SMA_50,DownVolume
100,60,Rel_Max_30 + ATR_21,0.5507339960564291,0.7113163972286374,433,317,116,0.8201892744479495,0.41379310344827586,0.3530197444831591,0.6169911889481127,0.8062015503875969,0.7113163972286374,27,Rel_Max_30,ATR_21
101,60,Max_60_Rows_Since + ATR_21,0.5442771379579071,0.7093023255813954,430,308,122,0.827922077922078,0.4098360655737705,0.3800659125322882,0.6188790717479242,0.8031496062992126,0.7093023255813954,33,Max_60_Rows_Since,ATR_21
102,60,Max_30_Rows_Since + ATR_21,0.5439199118057908,0.7146171693735499,431,314,117,0.8248407643312102,0.4188034188034188,0.3082509997647612,0.6218220915673145,0.8081123244929798,0.7146171693735499,28,Max_30_Rows_Since,ATR_21
103,60,BB_Upper + ATR_21,0.5405912550269311,0.7227488151658767,422,309,113,0.8381877022653722,0.40707964601769914,0.3010608384458078,0.6226336741415357,0.8157480314960629,0.7227488151658767,24,BB_Upper,ATR_21
104,60,Rel_Max_60 + ATR_21,0.535715933597875,0.7048054919908466,437,313,124,0.8242811501597445,0.4032258064516129,0.31288009179575443,0.6137534783056786,0.7999999999999999,0.7048054919908466,27,Rel_Max_60,ATR_21
105,60,Rel_Max_120 + ATR_14,0.5049728960568346,0.7320441988950276,362,268,94,0.8395522388059702,0.425531914893617,0.3385585352161333,0.6325420768497936,0.8226691042047533,0.7320441988950276,48,Rel_Max_120,ATR_14
106,60,Min_60_Rows_Since + ATR_21,0.5047970725455928,0.6752941176470588,425,301,124,0.7873754152823921,0.4032258064516129,0.30216618717211036,0.5953006108670025,0.7745098039215687,0.6752941176470588,23,Min_60_Rows_Since,ATR_21
107,60,ATR_21 + Regime_Category,0.49345147705614445,0.7033248081841432,391,270,121,0.8296296296296296,0.4214876033057851,0.30752507188442385,0.6255586164677074,0.7943262411347518,0.7033248081841432,28,ATR_21,Regime_Category
108,60,QQQ_SMA_50 + 50_EMA_200,0.43687365691963853,0.7444444444444445,270,175,95,0.9142857142857143,0.43157894736842106,0.48915220293724965,0.6729323308270676,0.8226221079691517,0.7444444444444445,31,QQQ_SMA_50,50_EMA_200
109,60,50_EMA_200 + 10_EMA_25,0.43286400110071316,0.7147435897435898,312,191,121,0.9109947643979057,0.4049586776859504,0.44974131559497416,0.6579767210419281,0.7963386727688786,0.7147435897435898,41,50_EMA_200,10_EMA_25
110,60,50_EMA_200 + RSI_21,0.4245495996475314,0.6633165829145728,398,212,186,0.8537735849056604,0.44623655913978494,0.36539411910056835,0.6500050720227226,0.7298387096774194,0.6633165829145728,41,50_EMA_200,RSI_21
111,60,QQQ_EMA_100 + plus_DI_EA50,0.4187375221812941,0.7298387096774194,248,170,78,0.8235294117647058,0.5256410256410257,0.37686003023792475,0.6745852187028658,0.8069164265129682,0.7298387096774194,147,QQQ_EMA_100,plus_DI_EA50
112,60,50_EMA_200 + Vol_Ratio_50,0.4000992529983167,0.6656534954407295,329,197,132,0.8020304568527918,0.4621212121212121,0.30868995633187774,0.632075834487002,0.7417840375586855,0.6656534954407295,27,50_EMA_200,Vol_Ratio_50
113,60,Min_30_Rows_Since + 50_EMA_200,0.38814640843810266,0.6434540389972145,359,196,163,0.8418367346938775,0.4049079754601227,0.3212402612733139,0.6233723550770001,0.7205240174672488,0.6434540389972145,42,Min_30_Rows_Since,50_EMA_200
114,60,Rel_Min_120 + Max_120_Rows_Since,0.3815091940440761,0.8476190476190476,105,81,24,0.9135802469135802,0.625,0.5854326396495071,0.7692901234567902,0.9024390243902438,0.8476190476190476,23,Rel_Min_120,Max_120_Rows_Since
115,60,10_SMA_50 + BB_Lower_MA10,0.37976889322889457,0.637223974763407,317,208,109,0.7596153846153846,0.4036697247706422,0.20623032153420476,0.5816425546930134,0.7331786542923434,0.637223974763407,63,10_SMA_50,BB_Lower_MA10
116,60,10_EMA_25 + ATR_14_EA5,0.3707511349875193,0.6631578947368421,285,173,112,0.8323699421965318,0.4017857142857143,0.3165748687075701,0.6170778282411231,0.7500000000000001,0.6631578947368421,45,10_EMA_25,ATR_14_EA5
117,60,10_ESMA_50 + ATR_7_EA50,0.3700511807589233,0.673992673992674,273,161,112,0.8633540372670807,0.4017857142857143,0.3755252861904072,0.6325698757763976,0.7574931880108993,0.673992673992674,44,10_ESMA_50,ATR_7_EA50
118,60,num_days_50 + Vol_Ratio_50_MA50,0.36964504638180673,0.6423357664233577,274,178,96,0.7359550561797753,0.46875,0.2982560917343526,0.6023525280898876,0.7277777777777777,0.6423357664233577,44,num_days_50,Vol_Ratio_50_MA50
119,60,Vol_Ratio_25_MA10 + Price_Vol_Ratio_10_MA25,0.36921898064850556,0.7962962962962963,108,79,29,0.9240506329113924,0.4482758620689655,0.5458308693081018,0.686163247490179,0.8690476190476191,0.7962962962962963,25,Vol_Ratio_25_MA10,Price_Vol_Ratio_10_MA25
120,90,num_days_200 + Signal_Line,0.6764554895530794,0.8285714285714286,455,347,108,0.9510086455331412,0.4351851851851852,0.6087755754475703,0.6930969153591632,0.8943089430894309,0.8285714285714286,81,num_days_200,Signal_Line
121,90,Min_120_Rows_Since + ATR_14,0.4734580645576812,0.8716417910447761,335,307,28,0.9022801302931596,0.5357142857142857,0.3475095785440613,0.7189972080037226,0.9279731993299832,0.8716417910447761,47,Min_120_Rows_Since,ATR_14
122,90,num_days_200 + QQQ_EMA_50_r5,0.40751679994726836,0.7377049180327869,244,175,69,0.8685714285714285,0.4057971014492754,0.37468251549324394,0.637184265010352,0.8260869565217391,0.7377049180327869,62,num_days_200,QQQ_EMA_50_r5
123,90,Rel_Max_60 + OBV,0.3966566455083377,0.7153024911032029,281,152,129,0.9802631578947368,0.40310077519379844,0.6534191472244569,0.6916819665442676,0.7883597883597884,0.7153024911032029,7,Rel_Max_60,OBV
124,90,Rel_Max_120 + QQQ_SMA_10_r5,0.369839747978522,0.8686868686868687,198,178,20,0.9157303370786517,0.45,0.3232758620689655,0.6828651685393259,0.9261363636363636,0.8686868686868687,112,Rel_Max_120,QQQ_SMA_10_r5
125,90,25_SMA_50 + OBV,0.36117716993003507,0.7336448598130841,214,115,99,1.0,0.42424242424242425,0.6686046511627907,0.7121212121212122,0.8013937282229966,0.7336448598130841,3,25_SMA_50,OBV
126,90,25_ESMA_50 + OBV,0.3328426926126492,0.708994708994709,189,97,92,1.0,0.40217391304347827,0.7171052631578947,0.7010869565217391,0.7791164658634538,0.708994708994709,4,25_ESMA_50,OBV
127,90,QQQ_SMA_100 + Zscore_10,0.32727226909239443,0.9,100,98,2,0.9081632653061225,0.5,0.7222222222222222,0.7040816326530612,0.946808510638298,0.9,42,QQQ_SMA_100,Zscore_10
128,90,10_ESMA_50 + OBV,0.2812782302529525,0.6666666666666666,195,79,116,1.0,0.4396551724137931,0.6875,0.7198275862068966,0.7085201793721974,0.6666666666666666,5,10_ESMA_50,OBV
129,90,BB_Mid_MA50 + VIX_EA50,0.2621109726657263,0.6610169491525424,118,83,35,0.7710843373493976,0.4,0.20427807486631017,0.5855421686746989,0.761904761904762,0.6610169491525424,23,BB_Mid_MA50,VIX_EA50
